SNP,CHR,BP,A1,A2,BETA,SE,P,Z
rs10001,6,28000100,A,G,0.02,0.015,0.182,1.333
rs10002,6,28000500,C,T,0.03,0.014,0.032,2.143
rs10003,6,28001200,G,A,0.01,0.016,0.531,0.625
rs10004,6,28002000,T,C,0.05,0.013,0.0001,3.846
rs10005,6,28002800,A,T,0.08,0.012,2.5e-11,6.667
rs10006,6,28003100,G,C,0.07,0.013,7.2e-08,5.385
rs10007,6,28003500,C,A,0.04,0.014,0.004,2.857
rs10008,6,28004200,T,G,0.02,0.015,0.182,1.333
rs10009,6,28005000,A,C,0.01,0.016,0.531,0.625
rs10010,6,28005800,G,T,0.03,0.014,0.032,2.143
rs10011,6,28006500,C,G,0.02,0.015,0.182,1.333
rs10012,6,28007200,T,A,0.06,0.013,4.1e-06,4.615
rs10013,6,28008000,A,G,0.01,0.016,0.531,0.625
rs10014,6,28008500,G,A,0.02,0.015,0.182,1.333
rs10015,6,28009300,C,T,0.03,0.014,0.032,2.143
rs10016,6,28010000,T,C,0.01,0.016,0.531,0.625
rs10017,6,28011000,A,T,0.02,0.015,0.182,1.333
rs10018,6,28012000,G,C,0.04,0.014,0.004,2.857
rs10019,6,28013500,C,A,0.01,0.016,0.531,0.625
rs10020,6,28015000,T,G,0.02,0.015,0.182,1.333
