SNP,CHR,BP,A1,A2,N,BETA,SE,P,Z
rs1,7,53441466,C,A,50000,0.030348785478431253,0.013109845353273204,0.45324084682883103,2.314961363816081
rs2,20,50583876,G,A,50000,-0.017445059138637573,0.008037599329524902,0.032315951109650465,-2.1704315459661934
rs3,15,87117865,C,T,50000,0.030306468154954243,0.007523538297703301,0.2797635071689457,4.028220094819727
rs4,11,64203558,A,C,50000,-0.09721147968747999,0.008350697344697856,0.41120672087218624,-11.641121175251657
rs5,8,96000616,A,C,50000,0.01681993818931262,0.013902560171471508,0.6027818820232985,1.209844660397706
rs6,21,38407771,A,A,50000,0.0025314905457583157,0.009919829725253994,0.2709576425151299,0.2551949595781492
rs7,7,84122310,T,A,50000,-0.0108728488452012,0.011058871023307605,0.1331851252237497,-0.9831789178376033
rs8,19,28009224,A,C,50000,-0.023762867420023776,0.00963221652454396,0.07620037959916315,-2.4670196480190563
rs9,11,52327755,C,C,50000,-0.03046866879422068,0.009819842733639587,0.9405318271353834,-3.102765453650793
rs10,11,80018913,A,T,50000,-0.040676054848001165,0.00898823989353141,0.4166390577384792,-4.525474990634663
rs11,21,8130144,G,T,50000,-0.11590341240939145,0.010101487917710534,0.5811626211808263,-11.473895069080134
rs12,4,5545583,G,C,50000,-0.013400917592143622,0.010989199783763429,0.9191765518355596,-1.2194625501252159
rs13,8,55079037,T,T,50000,0.05481648947705445,0.013356611019645791,0.08274842003530614,4.104071713732377
rs14,3,55474455,G,T,50000,-0.01677055120354198,0.0062510622502809764,0.8766614859257927,-2.6828322182822877
rs15,22,42542436,C,G,50000,0.03175562754509896,0.013221640618785004,0.55158787254407,2.401791764025207
rs16,21,47626914,A,T,50000,-0.05401004350202428,0.011055920854052948,0.16483426113700095,-4.885169151896102
rs17,2,54933927,T,A,50000,-0.06528487770205453,0.009264474434693946,0.41125511658536906,-7.046797760871714
rs18,12,53453338,A,T,50000,-0.03753809215338364,0.008904553034081343,0.7776022837352256,-4.2156065565234
rs19,6,15881728,A,T,50000,-0.05127499348600783,0.0120873512907375,0.48037008186635466,-4.242037171973292
rs20,2,35045666,C,C,50000,-0.05915198056675264,0.01045795707637708,0.9852860506655043,-5.656169759997187
rs21,21,13722094,G,A,50000,0.022488701924436683,0.006931869762602145,0.37673896993794076,3.244247612060542
rs22,1,23178434,G,T,50000,0.08894621719429807,0.010726139206674618,0.7495782999760721,8.2924727602779
rs23,12,47321408,A,T,50000,-0.03334716874782564,0.012288743070949367,0.3929894489788591,-2.7136354430469347
rs24,22,13796932,T,G,50000,-0.08459091281251516,0.011715729317576933,0.8291642207065144,-7.220285696222486
rs25,12,75023414,G,T,50000,0.032839866558198996,0.00874628426092369,0.5690814691657476,3.7547220715109475
rs26,17,91053374,T,T,50000,-0.0717950409687016,0.0073159853918932875,0.06351182959000135,-9.813447830043017
rs27,10,27063245,G,G,50000,-0.05916328107272095,0.009348053718037022,0.03682186763599138,-6.328941067012238
rs28,16,40443226,T,C,50000,0.02474978270958475,0.01650797025217521,0.1338521188006332,1.4992626186931453
rs29,15,98636744,C,T,50000,-0.008265480727678123,0.006910002102806005,0.013671964826997285,-1.1961618252361583
rs30,15,92444238,T,G,50000,-0.034358758766625516,0.008314529807026155,0.07535906035246231,-4.132375439629888
rs31,19,74619289,C,A,50000,0.0034175625551914426,0.010784083779465192,0.691714397168912,0.31690801231524995
rs32,12,8887739,C,C,50000,-0.020470441528577868,0.009750949504812631,0.5343462750294631,-2.099328021181381
rs33,20,61736972,T,A,50000,0.09447738280632915,0.00959959020853786,0.7499107494699718,9.841814156014818
rs34,3,62071026,C,A,50000,-0.033790236711069836,0.014049441996002013,0.9131657522576428,-2.405094573911574
rs35,5,1769598,A,G,50000,-0.045670626866120764,0.008293480115924047,0.585149532325472,-5.506810919873076
rs36,19,90178975,C,T,50000,-0.022751658699378313,0.00997143890458981,0.7261208440718481,-2.2816826053966817
rs37,7,50007334,G,G,50000,-0.020638080659505325,0.01040381488360559,0.7570812020424559,-1.9837031791124011
rs38,21,29433648,T,G,50000,0.029782182590216068,0.008390526629849009,0.37785054927578643,3.549500991304525
rs39,9,8971379,A,G,50000,-0.09957688932657069,0.007118694522386367,0.24108483232963185,-13.988082929170275
rs40,7,4331068,T,G,50000,0.021301293341700094,0.010538635308505077,0.2050453285065249,2.021257280295974
rs41,18,37810847,G,C,50000,-0.02706427208199837,0.013627333151757815,0.25144243951179845,-1.9860285046680097
rs42,4,35428803,G,T,50000,0.038841150221280166,0.01080916579023505,0.2747317970259088,3.5933531759101225
rs43,14,6654237,G,A,50000,-0.0023821855578522164,0.010180145173963323,0.20722764900805646,-0.23400310281869846
rs44,18,62553124,C,A,50000,0.025934722885888967,0.010165460871600958,0.8782206674791923,2.551258935868051
rs45,9,46816038,C,T,50000,-0.01957009060409159,0.00948316452836513,0.7569991321722287,-2.063666674300063
rs46,21,18750764,T,A,50000,0.02190112987108376,0.012366964640282006,0.04689646779121992,1.7709381815281349
rs47,2,37898446,T,T,50000,0.08318848947241256,0.008989115452416273,0.26867248202530736,9.254357663194936
rs48,20,24841962,A,A,50000,-0.03696182157275536,0.007286429031162876,0.02218474203030163,-5.072693553272206
rs49,15,67834972,A,G,50000,-0.0053597237580563,0.006836692148770909,0.49816518664589293,-0.7839644730851109
rs50,7,44156515,T,A,50000,-0.024310864287656192,0.010158018028488112,0.4762106967890142,-2.3932684722035824
rs51,12,23993420,C,T,50000,0.07964908971297324,0.012121384926360603,0.8313714900625012,6.570956222977365
rs52,8,63190751,G,T,50000,-0.021697079950502587,0.010474970503243879,0.3077772397710494,-2.071326114358361
rs53,15,22970758,T,T,50000,-0.03663461006519222,0.009365262429458714,0.8163857352130623,-3.9117547790179326
rs54,3,37513466,A,T,50000,-0.028913845698206875,0.010916882593123959,0.967973765439823,-2.648544165567776
rs55,14,32288562,C,T,50000,-0.006785869115911599,0.010372424687789253,0.08840822336564658,-0.6542220666976873
rs56,17,22351509,T,C,50000,-0.03967525088363053,0.011652380947308532,0.7918178394696329,-3.4049050630115834
rs57,4,24484187,T,C,50000,-0.018422499454334836,0.012653007774873548,0.5899558971376361,-1.4559778814740314
rs58,18,62777469,C,A,50000,0.007860092754853897,0.00809121974285401,0.48004596701847513,0.9714348398207527
rs59,8,37093880,T,T,50000,-0.005773670496186636,0.005320806872713203,0.4205357786650751,-1.0851118325297358
rs60,4,51441204,C,A,50000,0.04158542884879237,0.009296926402759101,0.7846682639443096,4.473029800090795
rs61,2,82752859,G,T,50000,-0.015967753890738904,0.007961317065519858,0.6393613569742423,-2.00566737379354
rs62,6,97302107,C,T,50000,-0.010230825273879428,0.011663916373149022,0.8050446675193619,-0.8771346558546452
rs63,22,45066131,C,C,50000,0.013553087437113165,0.008551332409305801,0.9031510586766263,1.5849094373134547
rs64,10,76415325,C,C,50000,0.11224033030052818,0.0062484427228721145,0.617263712097292,17.96292856933425
rs65,4,36563453,T,G,50000,-0.03938009551794358,0.008851597102384642,0.9804627250923779,-4.448925438250515
rs66,22,35755914,T,C,50000,0.09618122060726397,0.007016051349082302,0.6080878495418852,13.708739549040567
rs67,18,51873983,C,G,50000,-0.05917865839722689,0.0131803154380217,0.6366443216222826,-4.489927321960158
rs68,12,91586459,T,G,50000,0.011448521611521881,0.010943283908896139,0.5548156085422257,1.046168746678958
rs69,2,54892568,A,G,50000,-0.01696931465890984,0.011295116218027427,0.09100209105133028,-1.502358570850841
rs70,10,24637222,A,G,50000,-0.040763546826096175,0.011072053069809717,0.7263970326502283,-3.6816610766838322
rs71,4,3484413,T,G,50000,0.03495461909299945,0.01168034231855685,0.5474463068991116,2.992602283365118
rs72,14,71016224,T,A,50000,0.029994831685550283,0.012266684050138147,0.4509104474161044,2.4452273787236316
rs73,16,96057280,C,C,50000,-0.024062406691175302,0.008920509281350813,0.910471278403273,-2.697425217804559
rs74,15,40449976,G,G,50000,-0.10468970020175315,0.00716007673401662,0.29795945154195047,-14.62130981144177
rs75,8,98453338,T,T,50000,-0.02100237323137581,0.008306132525504674,0.5236022760150112,-2.5285381815046013
rs76,14,90583549,A,C,50000,0.006960205547840808,0.009909500752521361,0.6976418714934634,0.7023770139045463
rs77,8,3235000,C,C,50000,9.068055973381154e-05,0.004871316037078612,0.7964717756738773,0.018615207685887238
rs78,21,24685747,T,G,50000,0.03779676408958262,0.012285451766587664,0.45934680794617244,3.0765465371307896
rs79,16,38876684,A,A,50000,0.09667713147149959,0.006206505559634155,0.8420914150187097,15.576741298721766
rs80,13,73931048,A,G,50000,0.020693741862540374,0.011198186651658282,0.7689177413153975,1.8479547185861511
rs81,18,30859174,G,A,50000,0.02838841838788124,0.00966385842158894,0.06623597785186586,2.9375863293342404
rs82,15,37102853,C,T,50000,0.00740908656895746,0.010570350649299308,0.04586126640463295,0.7009310111626804
rs83,21,47159303,C,C,50000,0.058621789119612126,0.009056160517419719,0.6208056844220913,6.473139362630759
rs84,13,13195226,G,T,50000,0.026570000548016483,0.01043441295578613,0.3474134082254142,2.5463819249441135
rs85,9,48936136,G,A,50000,0.03745528384821618,0.009056244951764261,0.20913079107851418,4.135851453633601
rs86,15,70062973,C,A,50000,0.09044784145100812,0.008887637708396023,0.5796499344717384,10.176814629332084
rs87,13,15421668,C,T,50000,0.011349215060967484,0.008205527337277389,0.34156321045654503,1.3831183048295317
rs88,1,22200096,T,A,50000,-0.013548113108386937,0.013051659914501662,0.5372634167140701,-1.0380375520920269
rs89,7,84375337,T,T,50000,0.022314467400095905,0.01073381883419395,0.46011915898357203,2.078893611378117
rs90,9,24234510,G,C,50000,0.056812115855963144,0.010418993725264718,0.5847661059491537,5.452744991889292
rs91,1,52715898,T,T,50000,0.025071337851304082,0.008248876423936078,0.40030048891028136,3.0393639767173175
rs92,12,46968757,A,C,50000,0.05303192894107053,0.009530303332821385,0.6976675736969318,5.564558345003985
rs93,8,1061087,T,T,50000,-0.03344874136583426,0.00802554158465415,0.18006727234929853,-4.167786187762391
rs94,11,81705119,T,A,50000,-0.04340421127022439,0.009017672942501085,0.696501466227079,-4.813238575736821
rs95,19,67653416,A,T,50000,-0.02725188076735457,0.0075817552208780285,0.4116612143575281,-3.594402611721166
rs96,17,86382256,G,A,50000,-0.06336911507561675,0.013178288264405102,0.8743176048544171,-4.808599857902515
rs97,8,11274621,A,T,50000,0.005514978931671075,0.00848618781897681,0.5152360548642109,0.6498770766466518
rs98,3,14022704,T,T,50000,-0.021501269292495805,0.008249842354263764,0.9731103492701043,-2.606264261690202
rs99,3,17816569,G,G,50000,0.06151056768221892,0.007348779448994824,0.6019353955409602,8.3701746812707
rs100,1,8654909,T,A,50000,-0.0645612181098735,0.008457589076836572,0.2238490659063206,-7.633525053456678
