"SNP","CHR","BP","A1","A2","BETA","SE","Z","P"
"SNP1",1,1000,"A","G",1.6017628632473,0.814966303404584,1.96543446834037,0.0493639733819734
"SNP2",1,2000,"A","G",0.00263903920018109,0.187649051936618,0.0140636958883889,0.988779164074307
"SNP3",1,3000,"A","G",-0.228280696336712,0.170968437349102,-1.33522128339153,0.181803932958855
"SNP4",1,4000,"A","G",0.656428964318336,0.507345487511643,1.29385001044928,0.195717234441825
"SNP5",1,5000,"A","G",0.0261621815219183,0.285166285335259,0.0917435996725927,0.926901755911878
"SNP6",1,6000,"A","G",-0.0719938021861149,0.687847653503476,-0.104665330788616,0.916641372839541
"SNP7",1,7000,"A","G",-0.274922759493933,0.169370113145018,-1.62320703687869,0.104545154084567
"SNP8",1,8000,"A","G",0.255339643653199,0.250129217017434,1.02083093969547,0.307334543044543
"SNP9",1,9000,"A","G",-0.267461641521719,0.169401871042599,-1.57885883948981,0.114368438872377
"SNP10",1,10000,"A","G",0.448196027757842,0.309169198312712,1.44967878496263,0.147148114470382
"SNP11",1,11000,"A","G",1.31818395922757,0.756434013899364,1.74262914544577,0.0813984155756194
"SNP12",1,12000,"A","G",-0.244498970575234,0.170292548225176,-1.43575848223221,0.15107107753998
"SNP13",1,13000,"A","G",0.349006424248391,0.447363555769409,0.780140491435749,0.435308185030185
"SNP14",1,14000,"A","G",-2.0744860667655,0.813100165773913,-2.55132904171898,0.0107312957748101
"SNP15",1,15000,"A","G",0.40039488261567,0.480496425857695,0.833294195479098,0.404678829138912
"SNP16",1,16000,"A","G",3.06995465346937,0.989655682547172,3.1020431728012,0.00192189927118062
"SNP17",1,17000,"A","G",0.811398886125417,0.531291639734514,1.52721937527734,0.126706469946176
"SNP18",1,18000,"A","G",-0.0878597518459942,0.264916415523612,-0.331650840406918,0.740152925149613
"SNP19",1,19000,"A","G",-0.0733647901675361,0.228854949698103,-0.320573316261309,0.748533761713296
"SNP20",1,20000,"A","G",-0.176990320375361,0.212314084948239,-0.833624959071887,0.404492356389714
"SNP21",1,21000,"A","G",0.0735450625149017,0.182529824708481,0.402920797367558,0.68700649112696
"SNP22",1,22000,"A","G",-0.176990320375361,0.212314084948239,-0.833624959071887,0.404492356389714
"SNP23",1,23000,"A","G",-0.0579893052780864,0.211451069123272,-0.274244559360821,0.783896686838321
"SNP24",1,24000,"A","G",-0.158889597302923,0.298808532033574,-0.531743843529443,0.594903421437568
"SNP25",1,25000,"A","G",-0.171728374512502,0.301096639503875,-0.570343045991689,0.568445050370822
"SNP26",1,26000,"A","G",-0.158889597302923,0.298808532033574,-0.531743843529443,0.594903421437568
"SNP27",1,27000,"A","G",-0.156258839236242,0.171138955890421,-0.913052428205143,0.361214968322775
"SNP28",1,28000,"A","G",0.321934831696986,0.264767015440206,1.21591744032667,0.224016373683603
"SNP29",1,29000,"A","G",0.0799637647166635,0.183185649850639,0.4365176245075,0.66246121478247
"SNP30",1,30000,"A","G",-0.13141940880602,0.17148396366214,-0.766365588941859,0.44345880189145
"SNP31",1,31000,"A","G",-0.280681669020909,0.452453880664945,-0.62035420849614,0.535024613035958
"SNP32",1,32000,"A","G",-0.186306022933234,0.21237895082281,-0.87723393590296,0.380359587055882
"SNP33",1,33000,"A","G",-0.056302059612017,0.171087797198984,-0.329082848302353,0.742093067967673
"SNP34",1,34000,"A","G",-0.149700600772986,0.171290390699933,-0.873957962039052,0.382141147435388
"SNP35",1,35000,"A","G",0.148212750495478,0.36771301658623,0.403066369179567,0.686899400414991
"SNP36",1,36000,"A","G",0.284066312427446,0.312028597381168,0.910385505724773,0.362619238945879
"SNP37",1,37000,"A","G",0.278925590229575,0.246686109130833,1.13069029793503,0.25818546631628
"SNP38",1,38000,"A","G",-0.125445366365545,0.217486685971039,-0.576795613053066,0.564077533433659
"SNP39",1,39000,"A","G",1.11811205674941,0.669623149954226,1.6697631448761,0.0949662348840221
"SNP40",1,40000,"A","G",0.0836486393745322,0.284202055599704,0.294328058950955,0.76850723377453
"SNP41",1,41000,"A","G",0.0730824995727733,0.285231319708461,0.256221861075677,0.797779529223067
"SNP42",1,42000,"A","G",1.29116996826573,0.708640936890408,1.8220369457225,0.068449379956561
"SNP43",1,43000,"A","G",-0.0826325229460394,0.238777171157494,-0.346065423865568,0.729293547552113
"SNP44",1,44000,"A","G",-0.125426030923701,0.235416250549446,-0.532784081944066,0.59418305403535
"SNP45",1,45000,"A","G",-0.260108173326689,0.302285795502742,-0.860471041631625,0.389529439761069
"SNP46",1,46000,"A","G",-0.630435353948829,0.336472479841942,-1.87366097294191,0.0609771682881555
"SNP47",1,47000,"A","G",-0.0934777039390388,0.169207817785558,-0.552443174094389,0.580644757539492
"SNP48",1,48000,"A","G",0.253534260882355,0.177953379085012,1.42472293690605,0.154237306146651
"SNP49",1,49000,"A","G",-0.249828509634066,0.202662060251619,-1.23273448085885,0.217674842899732
"SNP50",1,50000,"A","G",-0.282234582756507,0.304643261987268,-0.926442885739264,0.354215865665507
"SNP51",1,51000,"A","G",-0.232112653441852,0.16050434054068,-1.44614564727627,0.148136354825892
"SNP52",1,52000,"A","G",0.357441075871184,0.280490551260766,1.2743426623982,0.202542003159073
"SNP53",1,53000,"A","G",-0.324061008424071,0.476293692527008,-0.680380642256133,0.496263474824998
"SNP54",1,54000,"A","G",0.107909134421889,0.245141745685778,0.440190772567177,0.659798942318522
"SNP55",1,55000,"A","G",-0.355145692257698,0.853185905579511,-0.416258273765636,0.677221022109046
"SNP56",1,56000,"A","G",0.200115974995359,0.219408279418574,0.912071210465077,0.361731232443184
"SNP57",1,57000,"A","G",0.174700564875268,0.159730395847428,1.09372147954945,0.27407715077151
"SNP58",1,58000,"A","G",0.0772718507962208,0.16053495309777,0.481339728857429,0.630275065180471
"SNP59",1,59000,"A","G",0.0706556622405555,0.291290869180218,0.242560511558094,0.808345874913127
"SNP60",1,60000,"A","G",-0.0204544956439788,0.67125259879574,-0.0304721287942499,0.97569052105549
"SNP61",1,61000,"A","G",0.786105251654934,0.668401773470805,1.17609689689022,0.239556157806635
"SNP62",1,62000,"A","G",-0.235475257194277,0.941652718129951,-0.25006592415717,0.802536367514892
"SNP63",1,63000,"A","G",0.794399780953021,0.668159167330316,1.188937935443,0.234464090780944
"SNP64",1,64000,"A","G",0.794399780953021,0.668159167330316,1.188937935443,0.234464090780944
"SNP65",1,65000,"A","G",-0.406295593470901,0.638011799330999,-0.636815171595463,0.524245242553975
"SNP66",1,66000,"A","G",0.0706556622405555,0.291290869180218,0.242560511558094,0.808345874913127
"SNP67",1,67000,"A","G",-0.435572702845068,0.637695068864953,-0.683042294211798,0.494580117524585
"SNP68",1,68000,"A","G",0.194146166650146,0.278703951667422,0.696603566216459,0.48605092343794
"SNP69",1,69000,"A","G",-0.00849124680602707,0.195437751140803,-0.0434473214947585,0.965344956193559
"SNP70",1,70000,"A","G",0.0536709931111925,0.274888501309452,0.195246410291907,0.845200047970014
"SNP71",1,71000,"A","G",0.191737168638977,0.26889405378925,0.713058418127957,0.475809608848913
"SNP72",1,72000,"A","G",-0.235475257194277,0.941652718129951,-0.25006592415717,0.802536367514892
"SNP73",1,73000,"A","G",0.0811438935788192,0.28207589166724,0.287666886734664,0.773601739590391
"SNP74",1,74000,"A","G",0.78816342868294,0.668216232749235,1.17950356494665,0.238197717991206
"SNP75",1,75000,"A","G",0.097379584757772,0.200448590796915,0.485808278175587,0.627103104461224
"SNP76",1,76000,"A","G",0.081291021168688,0.22372888540835,0.363346114295057,0.716346349514728
"SNP77",1,77000,"A","G",-0.00267803064352275,0.182303359938826,-0.0146899686567565,0.988279522348708
"SNP78",1,78000,"A","G",-0.100962105636525,0.162079698927393,-0.622916418926428,0.533339447865251
"SNP79",1,79000,"A","G",-0.435572702845068,0.637695068864953,-0.683042294211798,0.494580117524585
"SNP80",1,80000,"A","G",0.0780673710719986,0.290270481880313,0.268946985467809,0.78797047937265
"SNP81",1,81000,"A","G",-0.435572702845068,0.637695068864953,-0.683042294211798,0.494580117524585
"SNP82",1,82000,"A","G",-0.235475257194277,0.941652718129951,-0.25006592415717,0.802536367514892
"SNP83",1,83000,"A","G",0.097379584757772,0.200448590796915,0.485808278175587,0.627103104461224
"SNP84",1,84000,"A","G",0.0452315667555329,0.275689298482156,0.164067183617794,0.869678255382467
"SNP85",1,85000,"A","G",0.126383437615767,0.203864404789241,0.619938717337266,0.53529813424373
"SNP86",1,86000,"A","G",-0.115206348066376,0.161109208371117,-0.715082329751112,0.474558171962506
"SNP87",1,87000,"A","G",-0.0302569991524579,0.162391587872771,-0.186321222353976,0.852192865825395
"SNP88",1,88000,"A","G",-0.0313034238754054,0.162568615737799,-0.192555148072943,0.84730737410818
"SNP89",1,89000,"A","G",-0.00553228318734783,0.374195229256288,-0.0147844834856479,0.988204118614752
"SNP90",1,90000,"A","G",-0.709287369923319,0.71007534615442,-0.998890292086089,0.317847839493969
"SNP91",1,91000,"A","G",-0.105331879814033,0.379516640400736,-0.277542190779334,0.781363814145422
"SNP92",1,92000,"A","G",-0.037303540696957,0.172472492143048,-0.216286900209093,0.828764119532841
"SNP93",1,93000,"A","G",-0.0694785104328152,0.406056139371388,-0.171105676521414,0.864140672479567
"SNP94",1,94000,"A","G",-0.0371129637041063,0.817712088557054,-0.0453863459076365,0.963799364160179
"SNP95",1,95000,"A","G",-0.0244735953248095,0.168924326495564,-0.144879046331152,0.884806370475774
"SNP96",1,96000,"A","G",-0.411789210808445,0.193757191052961,-2.12528478850567,0.0335628567721649
"SNP97",1,97000,"A","G",0.328125681808035,0.237586273349197,1.3810801322085,0.167254323626326
"SNP98",1,98000,"A","G",-0.0811049798677365,0.382365478612485,-0.212113761320837,0.832018283990969
"SNP99",1,99000,"A","G",0.339869206361056,0.372560807699096,0.912251636075354,0.361636267483562
"SNP100",1,1e+05,"A","G",-0.392684739706481,0.187617846565376,-2.09300312787488,0.0363488753383711
"SNP101",1,101000,"A","G",0.381376989899274,0.227049005493492,1.67971222366885,0.0930133203327963
"SNP102",1,102000,"A","G",0.381376989899274,0.227049005493492,1.67971222366885,0.0930133203327963
"SNP103",1,103000,"A","G",0.0175288132296815,0.165167476359101,0.106127511396801,0.915481183465612
"SNP104",1,104000,"A","G",0.442814659566651,0.786115666313044,0.563294536087155,0.573234338119337
"SNP105",1,105000,"A","G",0.0090062104419901,0.164887110951666,0.0546204636008823,0.95644083549766
"SNP106",1,106000,"A","G",0.371552842379873,0.227442381569874,1.63361304878759,0.102340126159733
"SNP107",1,107000,"A","G",0.344805209329504,0.372894188302054,0.92467305779033,0.355135997967253
"SNP108",1,108000,"A","G",0.202133342552279,0.174367063581156,1.15924038864255,0.246358212646776
"SNP109",1,109000,"A","G",-0.338813534494171,0.30445147237258,-1.11286548182477,0.265766206925423
"SNP110",1,110000,"A","G",-0.39743130208672,0.199005890000722,-1.99708311188819,0.0458161551894663
"SNP111",1,111000,"A","G",-0.398129946652932,0.19897421328788,-2.00091227940632,0.0454018440299826
"SNP112",1,112000,"A","G",-0.386772576486976,0.199042601511437,-1.94316479763631,0.0519962499049623
"SNP113",1,113000,"A","G",-0.398129946652932,0.19897421328788,-2.00091227940632,0.0454018440299826
"SNP114",1,114000,"A","G",-0.318439157611045,0.181523253813199,-1.7542609606301,0.0793858018784645
"SNP115",1,115000,"A","G",-0.283564210114511,0.361235802145087,-0.784983682211598,0.432463135965412
"SNP116",1,116000,"A","G",0.49971267212793,0.304063855381623,1.64344647771684,0.100290590543092
"SNP117",1,117000,"A","G",0.028198373074286,0.161342252000273,0.174773642518875,0.861257499764623
"SNP118",1,118000,"A","G",0.0316373966022099,0.941703259949275,0.0335959297878124,0.973199367996547
"SNP119",1,119000,"A","G",-0.747958346154167,0.432507811914181,-1.72935222335956,0.083746075266288
"SNP120",1,120000,"A","G",-0.350525918855484,0.193794135844116,-1.80875400242988,0.0704892292167181
"SNP121",1,121000,"A","G",-0.334257970382414,0.194018400884649,-1.72281581983114,0.0849218370230844
"SNP122",1,122000,"A","G",-0.327431641964813,0.198359335218752,-1.65069943193608,0.0987999638858928
"SNP123",1,123000,"A","G",-0.15490424034473,0.181803169698149,-0.852043672296365,0.394189853318982
"SNP124",1,124000,"A","G",-0.279357982276506,0.191732975672352,-1.45701583828697,0.145112008296634
"SNP125",1,125000,"A","G",-0.290650577576879,0.19158540491746,-1.51708099947436,0.129246234799017
"SNP126",1,126000,"A","G",-0.290650577576879,0.19158540491746,-1.51708099947436,0.129246234799017
"SNP127",1,127000,"A","G",-1.01445859637113,0.816612696454494,-1.24227629667728,0.214134637760435
"SNP128",1,128000,"A","G",-0.295259582394637,0.191465717369241,-1.54210156497745,0.123048914732745
"SNP129",1,129000,"A","G",-0.359542653556047,0.199522605582981,-1.80201462639036,0.071543104384792
"SNP130",1,130000,"A","G",-0.0442756019926021,0.179430099728543,-0.246756826527912,0.805096424828111
"SNP131",1,131000,"A","G",0.22940832534641,0.786275167577932,0.291765955235604,0.77046557697127
"SNP132",1,132000,"A","G",-0.00774650791726679,0.164639744967244,-0.047051262857629,0.962472370887895
"SNP133",1,133000,"A","G",-0.00774650791726679,0.164639744967244,-0.047051262857629,0.962472370887895
"SNP134",1,134000,"A","G",0.339869206361056,0.372560807699096,0.912251636075354,0.361636267483562
"SNP135",1,135000,"A","G",-0.344752756736618,0.181547771829002,-1.8989644062464,0.057569156054192
"SNP136",1,136000,"A","G",0.394779019476531,0.227672746363083,1.73397574273978,0.0829223872665107
"SNP137",1,137000,"A","G",0.0186462926564726,0.320612572907013,0.0581583326174815,0.953622510267374
"SNP138",1,138000,"A","G",-0.396487186952965,0.34898877157615,-1.13610299025466,0.255913463720141
"SNP139",1,139000,"A","G",-0.0355980452693093,0.180339360040747,-0.197394763191274,0.843518627370094
"SNP140",1,140000,"A","G",0.403924643131879,0.229939255180765,1.75665804785849,0.0789761123051609
"SNP141",1,141000,"A","G",0.321153272600672,0.375259056075586,0.855817514330644,0.392098725917012
"SNP142",1,142000,"A","G",0.30625824799467,0.372611757935626,0.82192319880464,0.411120608719542
"SNP143",1,143000,"A","G",-0.381339190284731,0.36497633233562,-1.04483265488586,0.296100319618377
"SNP144",1,144000,"A","G",-0.296172327775941,0.18163808228808,-1.63056295268637,0.102982571698675
"SNP145",1,145000,"A","G",0.919625863563098,0.410061337024564,2.24265440442635,0.0249191090255736
"SNP146",1,146000,"A","G",0.379643138807254,0.227349544320596,1.66986540457676,0.0949459964300964
"SNP147",1,147000,"A","G",-0.0497060353016695,0.179070552253376,-0.277577941633517,0.781336366976846
"SNP148",1,148000,"A","G",-0.251621861326911,0.68769262470257,-0.365892918272518,0.714444980904369
"SNP149",1,149000,"A","G",0.379643138807254,0.227349544320596,1.66986540457676,0.0949459964300964
"SNP150",1,150000,"A","G",-1.08090190028888,0.621501982872498,-1.73917691347194,0.0820036490106095
"SNP151",1,151000,"A","G",0.379643138807254,0.227349544320596,1.66986540457676,0.0949459964300964
"SNP152",1,152000,"A","G",-0.37022031391938,0.181929218535283,-2.03496896705231,0.0418539956154169
"SNP153",1,153000,"A","G",-0.0978232273717171,0.298949175017039,-0.327223607043376,0.743498767023439
"SNP154",1,154000,"A","G",-0.30643797356622,0.203867196080277,-1.5031254633313,0.132806693689939
"SNP155",1,155000,"A","G",-0.0978232273717171,0.298949175017039,-0.327223607043376,0.743498767023439
"SNP156",1,156000,"A","G",-0.208883493198547,0.172272517709993,-1.21251779433668,0.225314235261857
"SNP157",1,157000,"A","G",-0.337342862474519,0.322909021243972,-1.04469940534625,0.296161919763506
"SNP158",1,158000,"A","G",0.568288160445295,0.687362519858563,0.826766290024412,0.408369540158172
"SNP159",1,159000,"A","G",-0.192773983986513,0.176812363835196,-1.09027434397175,0.275592313192586
"SNP160",1,160000,"A","G",-0.166273269279933,0.178654309462053,-0.930698340166542,0.3520096285393
"SNP161",1,161000,"A","G",-0.165799259957572,0.178613809146318,-0.928255551740408,0.353275024519975
"SNP162",1,162000,"A","G",-0.0193452823992527,0.17102618537641,-0.113112985340086,0.909940980252532
"SNP163",1,163000,"A","G",0.328958283536342,0.221105210988939,1.48779073123156,0.136806090805383
"SNP164",1,164000,"A","G",-0.178868206726784,0.169201556765187,-1.05713097530783,0.290451816244745
"SNP165",1,165000,"A","G",-0.251566319395707,0.170303240675366,-1.47716695465147,0.139630889441525
"SNP166",1,166000,"A","G",-0.29218464240963,0.202593829275301,-1.44221886448765,0.149240640428644
"SNP167",1,167000,"A","G",-0.256987300698366,0.474585090762992,-0.541498891769243,0.588163761311927
"SNP168",1,168000,"A","G",-0.127705395216299,0.177017462710877,-0.721428232337059,0.470646081590031
"SNP169",1,169000,"A","G",-0.136188377431364,0.17680025734192,-0.770295131233803,0.441124843826651
"SNP170",1,170000,"A","G",-0.22587803323589,0.18163690255536,-1.24356906585679,0.213658207127219
"SNP171",1,171000,"A","G",-0.0978232273717171,0.298949175017039,-0.327223607043376,0.743498767023439
"SNP172",1,172000,"A","G",0.169623893655037,0.232524655305972,0.729487775960078,0.465703342546371
"SNP173",1,173000,"A","G",-0.0978232273717171,0.298949175017039,-0.327223607043376,0.743498767023439
"SNP174",1,174000,"A","G",-0.117301427604262,0.300155927168139,-0.39080163670582,0.69594386507839
"SNP175",1,175000,"A","G",-0.0891362174479538,0.171960642164273,-0.518352434173877,0.604212395330207
"SNP176",1,176000,"A","G",-0.148336003023432,0.276701342788129,-0.536087037123681,0.591898398607133
"SNP177",1,177000,"A","G",0.111399252420845,0.28526158592468,0.390516136477831,0.696154925465908
"SNP178",1,178000,"A","G",-0.0463707183060415,0.30018974144908,-0.1544713622864,0.877238089766716
"SNP179",1,179000,"A","G",0.162892631338647,0.378136490022452,0.430777340026018,0.666630277462135
"SNP180",1,180000,"A","G",0.0963870722655403,0.285318808017938,0.337822357155931,0.735497060792712
"SNP181",1,181000,"A","G",1.43221176961741,0.756038421760068,1.89436373654556,0.0581767463487329
"SNP182",1,182000,"A","G",0.516618662675054,0.271484414263755,1.90294041032184,0.0570483212419575
"SNP183",1,183000,"A","G",0.0290207867977714,0.276555130715556,0.104936714508544,0.916426025818733
"SNP184",1,184000,"A","G",-0.128175280638085,0.289252265807611,-0.44312628037748,0.657674397261811
"SNP185",1,185000,"A","G",-0.150713953646212,0.282906864465809,-0.532733463116186,0.594218098451576
"SNP186",1,186000,"A","G",0.519910402755678,0.271421803783011,1.91550713873864,0.0554278596185433
"SNP187",1,187000,"A","G",1.52291459725977,0.783751223666885,1.94310969000419,0.0520029064839963
"SNP188",1,188000,"A","G",-0.13322399565495,0.287217082749933,-0.463844261557876,0.642759329302369
"SNP189",1,189000,"A","G",0.250143613395121,0.383634206838832,0.652036781225321,0.514377444957714
"SNP190",1,190000,"A","G",-0.185890476069481,0.293427614161599,-0.63351391313534,0.526398098108591
"SNP191",1,191000,"A","G",-0.498550776966937,0.486736295658406,-1.02427285865861,0.305706413836438
"SNP192",1,192000,"A","G",0.469931679043165,0.288726793372368,1.62759982734647,0.103609765767962
"SNP193",1,193000,"A","G",0.170762267127507,0.457747929448422,0.37304869370632,0.709112203185426
"SNP194",1,194000,"A","G",-0.62032706711899,0.236902969044707,-2.61848582827143,0.00883209601145436
"SNP195",1,195000,"A","G",-0.243317312956475,0.178990177624136,-1.3593891921121,0.174023294087256
"SNP196",1,196000,"A","G",-0.582230574412817,0.358446282826757,-1.62431751229575,0.104308061604677
"SNP197",1,197000,"A","G",-0.0358685589600749,0.336934585065935,-0.10645555710185,0.915220915264746
"SNP198",1,198000,"A","G",-0.662862131384147,0.36056530948322,-1.83839685613182,0.0660039480574365
"SNP199",1,199000,"A","G",-0.168239338291145,0.184093193666425,-0.913881360524348,0.360779188871626
"SNP200",1,2e+05,"A","G",-0.117122773419872,0.177942944188854,-0.658204088696926,0.510406997878014
"SNP201",1,201000,"A","G",-0.0188050749048773,0.17320001297634,-0.108574327343994,0.913540124162148
"SNP202",1,202000,"A","G",-0.714910868517962,0.342708077075613,-2.0860636685847,0.0369728561571429
"SNP203",1,203000,"A","G",0.190042285599653,0.275396528448278,0.690067832991384,0.490151530667163
"SNP204",1,204000,"A","G",-0.924772000129089,0.400771719333414,-2.30747818650283,0.0210281769226938
"SNP205",1,205000,"A","G",-0.175495022025742,0.166294709001231,-1.05532535027583,0.291276550967179
"SNP206",1,206000,"A","G",-0.700748847661692,0.507241842144033,-1.3814886498711,0.167128765285177
"SNP207",1,207000,"A","G",-0.224383765217666,0.671187575664377,-0.334308579826675,0.738146716772093
"SNP208",1,208000,"A","G",0.0083656875620306,0.335157870563041,0.0249604389357673,0.980086518924908
"SNP209",1,209000,"A","G",0.0321687680066304,0.168220237304735,0.191230071494644,0.848345344689614
"SNP210",1,210000,"A","G",-0.106656447250173,0.165685662180092,-0.643727681965882,0.519752036052678
"SNP211",1,211000,"A","G",0.125724957205052,0.272240198624664,0.461816285178326,0.644213071445414
"SNP212",1,212000,"A","G",0.0083656875620306,0.335157870563041,0.0249604389357673,0.980086518924908
"SNP213",1,213000,"A","G",0.171005376096258,0.274659069467601,0.622609609898317,0.533541094585104
"SNP214",1,214000,"A","G",-0.929548808879899,0.317734310590519,-2.92555376582499,0.00343843754125163
"SNP215",1,215000,"A","G",-0.080456560816494,0.167000819645167,-0.481773448701888,0.629966892870895
"SNP216",1,216000,"A","G",-0.877485796453425,0.31954537139398,-2.74604445880563,0.0060318588975374
"SNP217",1,217000,"A","G",-0.179370711909598,0.165319253953121,-1.08499589503629,0.277923473373782
"SNP218",1,218000,"A","G",0.124020474301758,0.278164053938661,0.445853705918114,0.655702924495608
"SNP219",1,219000,"A","G",0.0083656875620306,0.335157870563041,0.0249604389357673,0.980086518924908
"SNP220",1,220000,"A","G",0.0223826768235893,0.175033830498714,0.127876289742478,0.89824687502008
"SNP221",1,221000,"A","G",-0.631005911336761,0.392467013174791,-1.60779349640713,0.107880413298615
"SNP222",1,222000,"A","G",-0.183437042522578,0.168068721889737,-1.09144069437812,0.275079014236231
"SNP223",1,223000,"A","G",-0.0651547908663486,0.168291387597386,-0.387154635757253,0.698641731789469
"SNP224",1,224000,"A","G",-0.38937774946354,0.248808024820045,-1.56497263199274,0.117589326576843
"SNP225",1,225000,"A","G",-0.669791930949974,0.348150922297117,-1.92385511010758,0.0543727473319864
"SNP226",1,226000,"A","G",-0.809627188666288,0.319895792330003,-2.53090915253765,0.0113767310853371
"SNP227",1,227000,"A","G",-0.804473806694774,0.318330422681858,-2.52716595516468,0.0114987153137373
"SNP228",1,228000,"A","G",-0.804473806694774,0.318330422681858,-2.52716595516468,0.0114987153137373
"SNP229",1,229000,"A","G",-0.0222722830970384,0.166611651790984,-0.133677824195508,0.893657341482781
"SNP230",1,230000,"A","G",-0.8288465070804,0.319847267167885,-2.59138217568495,0.00955912687377519
"SNP231",1,231000,"A","G",-0.215899272458997,0.43354303350163,-0.497988102161917,0.618492428207308
"SNP232",1,232000,"A","G",-0.538819120927025,0.197178648907689,-2.73264435024747,0.00628281336345134
"SNP233",1,233000,"A","G",-0.438057450087037,0.444281587177163,-0.985990558083507,0.3241377461807
"SNP234",1,234000,"A","G",0.778875914783502,0.266356928828986,2.92418116625597,0.00345363679163804
"SNP235",1,235000,"A","G",-0.597519924512398,0.397760461948822,-1.50221045496794,0.133042765585073
"SNP236",1,236000,"A","G",0.346380389102608,0.216215071209485,1.60201778333486,0.109151677075488
"SNP237",1,237000,"A","G",-0.0826674869578128,0.173941990562964,-0.475258945182006,0.634602417636186
"SNP238",1,238000,"A","G",-0.291663650546295,0.205183685194398,-1.42147583649238,0.155178473398516
"SNP239",1,239000,"A","G",-0.0203448780811897,0.24322043567118,-0.0836478975339671,0.933336383625666
"SNP240",1,240000,"A","G",-0.266959949643657,0.240975825803905,-1.1078287573165,0.267935778033975
"SNP241",1,241000,"A","G",-0.388904700400053,0.507827082779882,-0.765821110349533,0.443782751429681
"SNP242",1,242000,"A","G",0.302811074775433,0.730798861067267,0.41435624890439,0.678613225265655
"SNP243",1,243000,"A","G",0.206943929623637,0.265023886795139,0.78085010421571,0.43489066119826
"SNP244",1,244000,"A","G",-1.06196174598035,0.335987264640869,-3.16072023478467,0.00157379578741345
"SNP245",1,245000,"A","G",0.54895735138797,0.260768200333954,2.10515450382733,0.0352778611109131
"SNP246",1,246000,"A","G",-0.321389983424265,0.172664948933452,-1.86135046753544,0.0626947005745088
"SNP247",1,247000,"A","G",-0.910389696322887,0.331883939793613,-2.74309656830344,0.00608627839344627
"SNP248",1,248000,"A","G",-0.305594765962155,0.221463881040283,-1.37988535433717,0.167621946629201
"SNP249",1,249000,"A","G",0.563620233079656,0.235453374137121,2.39376579395044,0.0166763935993968
"SNP250",1,250000,"A","G",-0.0691214540824028,0.573189576147933,-0.120590912603343,0.904015067003798
"SNP251",1,251000,"A","G",0.934513098165172,0.785362255556199,1.18991343364642,0.234080417924696
"SNP252",1,252000,"A","G",-0.376353744367019,0.163514927287581,-2.30164762697847,0.0213550519460457
"SNP253",1,253000,"A","G",0.984454780340755,0.510836766215711,1.9271415948261,0.0539619862604042
"SNP254",1,254000,"A","G",0.977259626139226,0.510910084050405,1.91278202691105,0.055775962987736
"SNP255",1,255000,"A","G",-0.494226481185794,0.730616351337173,-0.676451437585898,0.498754068659884
"SNP256",1,256000,"A","G",0.687761791474145,0.246979481441169,2.78469202162436,0.00535785862658778
"SNP257",1,257000,"A","G",0.161403131513152,0.170585343986105,0.946172324899727,0.344060699325356
"SNP258",1,258000,"A","G",-0.0936236698560319,0.250597128227263,-0.373602325446946,0.708700203574119
"SNP259",1,259000,"A","G",1.04690086405305,0.732037622340021,1.43011893392384,0.152682886857599
"SNP260",1,260000,"A","G",0.160821942263574,0.170586236677306,0.942760362125799,0.345803490545036
"SNP261",1,261000,"A","G",0.55175729340175,0.59606719660259,0.925662906039128,0.354621190803396
"SNP262",1,262000,"A","G",0.160821942263574,0.170586236677306,0.942760362125799,0.345803490545036
"SNP263",1,263000,"A","G",0.174906774599208,0.170010282431768,1.02880115306793,0.303573124795091
"SNP264",1,264000,"A","G",-0.365464645734933,0.167765462952798,-2.17842599604521,0.029374336241433
"SNP265",1,265000,"A","G",0.170452989595877,0.170906153253403,0.9973484649388,0.318595396789227
"SNP266",1,266000,"A","G",-0.333625828712392,0.212867295943332,-1.56729490659386,0.117045775381378
"SNP267",1,267000,"A","G",0.498526829980006,0.340648232228438,1.46346519023089,0.143340131925197
"SNP268",1,268000,"A","G",-0.0548047305073027,0.418673800173977,-0.130900788357258,0.89585379103099
"SNP269",1,269000,"A","G",0.595637653277543,0.78593917979355,0.757867362502535,0.448530390544018
"SNP270",1,270000,"A","G",0.530021233633356,0.196521735582252,2.69701075081093,0.00699650114940668
"SNP271",1,271000,"A","G",-0.0570460024018356,0.418707248646356,-0.136243168911597,0.891629049457281
"SNP272",1,272000,"A","G",0.798062056953099,0.852676495109354,0.93594940347306,0.349299239002522
"SNP273",1,273000,"A","G",0.0818433304189844,0.238400367876698,0.343302030730566,0.73137125324451
"SNP274",1,274000,"A","G",0.392565220216123,0.363599378937331,1.07966416599349,0.280291756531913
"SNP275",1,275000,"A","G",0.858259686226307,0.346591330563424,2.47628723093306,0.0132756727061237
"SNP276",1,276000,"A","G",-0.435788507082834,0.377758750485454,-1.15361591630321,0.248657670072899
"SNP277",1,277000,"A","G",0.38441551506935,0.170981653845417,2.24828516056404,0.0245580123461919
"SNP278",1,278000,"A","G",0.509791673016822,0.179938782262945,2.8331395078125,0.00460932648263802
"SNP279",1,279000,"A","G",0.472368743512618,0.61889700516199,0.763242897562544,0.445318549836289
"SNP280",1,280000,"A","G",0.0625275955684763,0.449677257763156,0.139049939682316,0.889410686163389
"SNP281",1,281000,"A","G",0.266688021613256,0.202286864172208,1.31836549399581,0.187381326068931
"SNP282",1,282000,"A","G",0.352865891957118,0.170375335460404,2.07110900767162,0.0383486102668907
"SNP283",1,283000,"A","G",0.219303573845045,0.262401433555668,0.83575600511542,0.40329218130637
"SNP284",1,284000,"A","G",0.396415029463325,0.179192179705115,2.21223398317762,0.0269505018951972
"SNP285",1,285000,"A","G",0.347469168502526,0.173527020842041,2.00239228920331,0.0452425571306673
"SNP286",1,286000,"A","G",0.348673981193646,0.171038627343889,2.03856863568371,0.041493098165598
"SNP287",1,287000,"A","G",0.352382812644822,0.170654198742432,2.06489389210208,0.0389330411484646
"SNP288",1,288000,"A","G",0.354192173912598,0.170644041583747,2.07561993155659,0.0379291165297691
"SNP289",1,289000,"A","G",0.354192173912598,0.170644041583747,2.07561993155659,0.0379291165297691
"SNP290",1,290000,"A","G",0.104600279582958,0.171572697958377,0.609655736767241,0.542089881581585
"SNP291",1,291000,"A","G",0.373350683172926,0.366323128664436,1.01918403168839,0.30811560610536
"SNP292",1,292000,"A","G",0.0824847052376127,0.171544344257312,0.480836052011648,0.630633024999765
"SNP293",1,293000,"A","G",0.219798927275451,0.261712631138077,0.839848372314467,0.400993407701298
"SNP294",1,294000,"A","G",0.103341035263553,0.170907042522823,0.604662240584687,0.545403442028021
"SNP295",1,295000,"A","G",0.113087617828239,0.171203642356287,0.660544461974097,0.508904495849262
"SNP296",1,296000,"A","G",1.00415616792386,0.32325069889168,3.10643154482507,0.00189360146201101
"SNP297",1,297000,"A","G",0.235721155145398,0.262376546555949,0.898407873110463,0.368968140629666
"SNP298",1,298000,"A","G",0.177971851933291,0.238823720759805,0.745201738617434,0.456149771986914
"SNP299",1,299000,"A","G",0.108870470586711,0.170901275216801,0.637037204366094,0.52410061003869
"SNP300",1,3e+05,"A","G",0.130213043580738,0.815040847152179,0.159762598446095,0.873068087689279
"SNP301",1,301000,"A","G",0.134097229519918,0.237548687850479,0.564504189576176,0.572411049702563
"SNP302",1,302000,"A","G",0.111411998055556,0.170875857792931,0.652005493898183,0.514397628267148
"SNP303",1,303000,"A","G",0.0404692507646524,0.247525403749189,0.16349534290896,0.870128439637476
"SNP304",1,304000,"A","G",1.06989171021691,0.571470692503953,1.87217249152197,0.0611827435149143
"SNP305",1,305000,"A","G",0.462594098489907,0.618802362567542,0.747563562250323,0.454723450047587
"SNP306",1,306000,"A","G",0.169971187885269,0.169587582150737,1.00226199188447,0.316217074300747
"SNP307",1,307000,"A","G",0.0878303478811964,0.170900121395989,0.513927943197224,0.607302370144337
"SNP308",1,308000,"A","G",0.0555158780220611,0.240684017814701,0.230658763827027,0.817579911375729
"SNP309",1,309000,"A","G",0.0993594660449504,0.171243303567276,0.580223950222469,0.561763604559381
"SNP310",1,310000,"A","G",0.113116237059024,0.171228661198656,0.660615087843201,0.508859190626301
"SNP311",1,311000,"A","G",-0.280192665139925,0.250533504094808,-1.11838401076246,0.26340302024044
"SNP312",1,312000,"A","G",0.107168810170167,0.171570767857533,0.624633272371649,0.532211777065347
"SNP313",1,313000,"A","G",0.403913423895714,0.368619723687966,1.0957455554864,0.273190140562354
"SNP314",1,314000,"A","G",0.108015813113665,0.170901871842126,0.632034113783416,0.527364586126469
"SNP315",1,315000,"A","G",0.101117334863382,0.170580801951569,0.592782620942835,0.55332663990916
"SNP316",1,316000,"A","G",0.354178417723225,0.592413448325954,0.597856815580512,0.549935476701871
"SNP317",1,317000,"A","G",0.354178417723225,0.592413448325954,0.597856815580512,0.549935476701871
"SNP318",1,318000,"A","G",0.108560624526108,0.170901270243816,0.635224210862979,0.525282195059958
"SNP319",1,319000,"A","G",0.489092997110993,0.178385617596874,2.74177371303707,0.00611084238548856
"SNP320",1,320000,"A","G",0.123289229773929,0.17086159831742,0.721573665399563,0.4705566349035
"SNP321",1,321000,"A","G",0.0601794772610757,0.248040120432855,0.242619932436964,0.808299838655281
"SNP322",1,322000,"A","G",0.108053053316898,0.171852726811652,0.628753790071208,0.529510256903662
"SNP323",1,323000,"A","G",0.12986610211943,0.171475049231877,0.75734693007038,0.448842041682018
"SNP324",1,324000,"A","G",0.00730460548568378,0.176849715032252,0.041304027458295,0.967053522364663
"SNP325",1,325000,"A","G",0.512130633286344,0.179079885565823,2.85978870082595,0.00423923360503088
"SNP326",1,326000,"A","G",0.114317623059999,0.171534805493447,0.666439809292033,0.50513002432499
"SNP327",1,327000,"A","G",0.162913181347793,0.668994226478716,0.243519562501002,0.80760293247028
"SNP328",1,328000,"A","G",0.129967308416709,0.439706153882722,0.29557764263489,0.767552649703562
"SNP329",1,329000,"A","G",-0.436912529922763,0.372421246383109,-1.17316757345608,0.240728612788607
"SNP330",1,330000,"A","G",0.0228552750868968,0.174635124542488,0.130874445486115,0.895874630329524
"SNP331",1,331000,"A","G",-0.302944882351533,0.206772301574227,-1.46511346077357,0.142889964745716
"SNP332",1,332000,"A","G",-0.00747420887103671,0.175603807397081,-0.0425629089814425,0.966049963024944
"SNP333",1,333000,"A","G",0.129967308416709,0.439706153882722,0.29557764263489,0.767552649703562
"SNP334",1,334000,"A","G",1.21507876392987,0.384954465572322,3.15642205143245,0.0015971757056841
"SNP335",1,335000,"A","G",0.0624533152635677,0.24662753819812,0.253229285423097,0.800091037345692
"SNP336",1,336000,"A","G",0.237021528243472,0.229855410900286,1.03117663106175,0.302457997258936
"SNP337",1,337000,"A","G",0.345596266574458,0.170236247885357,2.03009800126231,0.0423465786631853
"SNP338",1,338000,"A","G",-0.394549571172264,0.215268702372769,-1.83282366095674,0.0668287992618215
"SNP339",1,339000,"A","G",-0.356317569406381,0.214223718995523,-1.66329653446931,0.0962530920859335
"SNP340",1,340000,"A","G",0.0406594893685595,0.24619363695238,0.16515247864194,0.868823968092763
"SNP341",1,341000,"A","G",0.171105768677345,0.201642287718625,0.848560937357091,0.396125650825781
"SNP342",1,342000,"A","G",0.303320216677801,0.234326717283819,1.29443291910421,0.195515926037005
"SNP343",1,343000,"A","G",-0.377106519239944,0.212917104986518,-1.77114243246836,0.0765370193743267
"SNP344",1,344000,"A","G",0.513367121959792,0.177917601524454,2.88542065293765,0.00390890982735201
"SNP345",1,345000,"A","G",0.130213043580738,0.815040847152179,0.159762598446095,0.873068087689279
"SNP346",1,346000,"A","G",0.3058962879532,0.234199395515653,1.30613611226317,0.1915062742454
"SNP347",1,347000,"A","G",1.11304562240851,0.258765589811332,4.3013664344631,1.69748081159371e-05
"SNP348",1,348000,"A","G",0.286323891834735,0.378056136086857,0.757358139450891,0.448835327861339
"SNP349",1,349000,"A","G",1.12513287890436,0.257793960204986,4.36446562987629,1.27433882599568e-05
"SNP350",1,350000,"A","G",0.280991881707649,0.205932363545978,1.36448626563212,0.172414573913849
"SNP351",1,351000,"A","G",0.285080357483904,0.215991424399503,1.31986887107431,0.18687880232591
"SNP352",1,352000,"A","G",0.947039176545525,0.460328474718964,2.05731174271525,0.0396562485291241
"SNP353",1,353000,"A","G",0.0504925063403546,0.349362026196039,0.144527746447239,0.885083747959242
"SNP354",1,354000,"A","G",0.243723972205472,0.160817745774927,1.51552909183652,0.129638468747552
"SNP355",1,355000,"A","G",1.10114304817795,0.498936872428099,2.20697869616087,0.0273155477321841
"SNP356",1,356000,"A","G",0.264059330000618,0.187663741592408,1.40708763323144,0.159401404728174
"SNP357",1,357000,"A","G",1.36015241406348,0.532171851366472,2.55585185607051,0.010592820611155
"SNP358",1,358000,"A","G",0.945480164728174,0.460336935582819,2.05388725441101,0.0399866052072222
"SNP359",1,359000,"A","G",1.45521540318353,0.629344310852155,2.31227227781422,0.0207626833938366
"SNP360",1,360000,"A","G",1.27760315013949,0.277722394466254,4.6002885456712,4.21906108927824e-06
"SNP361",1,361000,"A","G",1.28522830045032,0.27491691932006,4.67496981862381,2.93996853095717e-06
"SNP362",1,362000,"A","G",1.11552911371427,0.227926792863139,4.89424301417737,9.86848358037678e-07
"SNP363",1,363000,"A","G",-0.435841479821648,0.217581497285104,-2.0031183039914,0.045164591764207
"SNP364",1,364000,"A","G",-0.3968136779242,0.25996216881471,-1.52642855586819,0.126903170512753
"SNP365",1,365000,"A","G",1.17258823371503,0.245169291083969,4.78276960597575,1.72896257290889e-06
"SNP366",1,366000,"A","G",1.158307539804,0.244652120441777,4.73450848377034,2.19586586934688e-06
"SNP367",1,367000,"A","G",1.15830294793012,0.244652158499008,4.73448897829699,2.19607704181816e-06
"SNP368",1,368000,"A","G",1.16237572335073,0.244557562219056,4.7529739534677,2.00446179016598e-06
"SNP369",1,369000,"A","G",1.10143363862953,0.248202364074814,4.43764362493153,9.09490347889796e-06
"SNP370",1,370000,"A","G",0.284212879838973,0.20726775528778,1.37123538316107,0.170301591442528
"SNP371",1,371000,"A","G",1.10018986437235,0.594824729056515,1.84960343884395,0.0643707268206169
"SNP372",1,372000,"A","G",1.16548817701053,0.254386754454439,4.58155999320817,4.61520161301089e-06
"SNP373",1,373000,"A","G",1.24373979692911,0.252054390415552,4.934410366265,8.03932541584662e-07
"SNP374",1,374000,"A","G",1.24956635633426,0.252536612765254,4.94806017492521,7.49567382900542e-07
"SNP375",1,375000,"A","G",0.284161397025508,0.233554158929322,1.21668309538218,0.223724813269325
"SNP376",1,376000,"A","G",-0.457962035895403,0.356528873863139,-1.28450195613386,0.198966379578053
"SNP377",1,377000,"A","G",-0.452804996045043,0.356503144357474,-1.27012903872457,0.204038669331411
"SNP378",1,378000,"A","G",-0.437325924407065,0.354357457325501,-1.23413777632271,0.217151569018359
"SNP379",1,379000,"A","G",1.28116988679596,0.252319863078451,5.07756254765254,3.82307670181217e-07
"SNP380",1,380000,"A","G",-0.504475138216916,0.178704316067172,-2.82296001192994,0.00475825060156228
"SNP381",1,381000,"A","G",1.20523656930924,0.233356153587476,5.16479446023028,2.40703273650158e-07
"SNP382",1,382000,"A","G",-0.464772650980885,0.379044365041075,-1.22616953013012,0.220134884970311
"SNP383",1,383000,"A","G",1.27275825684828,0.251679831947736,5.0570530304255,4.25784867196837e-07
"SNP384",1,384000,"A","G",1.27275825684828,0.251679831947736,5.0570530304255,4.25784867196837e-07
"SNP385",1,385000,"A","G",-0.101433476508996,0.543089494109323,-0.186771199975703,0.85184002863032
"SNP386",1,386000,"A","G",1.20523656930924,0.233356153587476,5.16479446023028,2.40703273650158e-07
"SNP387",1,387000,"A","G",1.26627844827171,0.2525724310508,5.0135259933299,5.3441544089443e-07
"SNP388",1,388000,"A","G",1.26164192524986,0.252431639623039,4.99795480128359,5.79415612964406e-07
"SNP389",1,389000,"A","G",1.27512163106818,0.252373429886027,5.05251932283059,4.3602022977847e-07
"SNP390",1,390000,"A","G",0.188867847914622,0.382331540270875,0.493989713170964,0.621313444407073
"SNP391",1,391000,"A","G",1.27983858624756,0.252513930822379,5.06838803736262,4.01198862754449e-07
"SNP392",1,392000,"A","G",1.22733978502851,0.252727112686978,4.85638351967666,1.19549051324039e-06
"SNP393",1,393000,"A","G",-0.474374600845309,0.178173650823329,-2.66242847162448,0.00775790559027555
"SNP394",1,394000,"A","G",-0.502363863537553,0.178287850602851,-2.81771226608483,0.00483671323929995
"SNP395",1,395000,"A","G",-0.500652271886484,0.216660251622131,-2.3107712104002,0.0208454955125309
"SNP396",1,396000,"A","G",1.31848169723299,0.254051980662727,5.18981073791889,2.10507934513523e-07
"SNP397",1,397000,"A","G",1.23335484954867,0.26147648899036,4.7168862267924,2.394815199024e-06
"SNP398",1,398000,"A","G",1.22401936431584,0.257622910005828,4.751205412159,2.02207587626837e-06
"SNP399",1,399000,"A","G",1.24797029694361,0.256742798889825,4.86078013615153,1.1692405658355e-06
"SNP400",1,4e+05,"A","G",1.24028894329729,0.256928990455746,4.82736082486152,1.38354312657278e-06
"SNP401",1,401000,"A","G",1.20635607299907,0.255411594329199,4.72318445905866,2.32180080814165e-06
"SNP402",1,402000,"A","G",1.06870668339249,0.258453502985463,4.13500560467389,3.54945972732375e-05
"SNP403",1,403000,"A","G",1.28588954036061,0.25534204639624,5.03594906717857,4.75486989636964e-07
"SNP404",1,404000,"A","G",1.24550378471595,0.251393092475423,4.95440734847443,7.25510758562119e-07
"SNP405",1,405000,"A","G",1.27002798808978,0.252008837819706,5.03961686057373,4.66464732844328e-07
"SNP406",1,406000,"A","G",-0.055802506049555,0.236049277610031,-0.23640193528465,0.813120794607505
"SNP407",1,407000,"A","G",1.23606049192039,0.254895430805607,4.84928461845617,1.23907526321433e-06
"SNP408",1,408000,"A","G",1.2843358450482,0.257131227022836,4.99486530639913,5.88768449150128e-07
"SNP409",1,409000,"A","G",1.11747656992756,0.260871904372054,4.28362177451591,1.83875385837414e-05
"SNP410",1,410000,"A","G",1.15313986484732,0.261531797361106,4.40917653793026,1.03764415014366e-05
"SNP411",1,411000,"A","G",-0.230591624824139,0.236147277948188,-0.976473778684554,0.328829735789052
"SNP412",1,412000,"A","G",-0.461633744682553,0.180832889970106,-2.55281959359753,0.0106854827142773
"SNP413",1,413000,"A","G",-0.501707091038817,0.186133743737971,-2.69541180961305,0.0070301685025815
"SNP414",1,414000,"A","G",-0.467948303625321,0.258271302913607,-1.8118478450618,0.0700097099828789
"SNP415",1,415000,"A","G",1.17478675759039,0.251926743795124,4.66320780355806,3.11318104003559e-06
"SNP416",1,416000,"A","G",-0.230214210657707,0.214050520727572,-1.07551343428268,0.282144920787695
"SNP417",1,417000,"A","G",0.0931941466602468,0.430870087178269,0.216292913881693,0.828759432247347
"SNP418",1,418000,"A","G",-0.728214662625321,0.165099506008761,-4.41076221382926,1.0300738565688e-05
"SNP419",1,419000,"A","G",1.11714211584951,0.254229819667791,4.39422140687239,1.11170469069979e-05
"SNP420",1,420000,"A","G",0.133926813523595,0.582468408487243,0.229929746527237,0.818146361121767
"SNP421",1,421000,"A","G",-0.206401717199849,0.215821579372248,-0.956353474014051,0.338893682172336
"SNP422",1,422000,"A","G",0.0931941466602468,0.430870087178269,0.216292913881693,0.828759432247347
"SNP423",1,423000,"A","G",0.0931941466602468,0.430870087178269,0.216292913881693,0.828759432247347
"SNP424",1,424000,"A","G",1.15204840415272,0.264219278071721,4.36019813754848,1.29944727591489e-05
"SNP425",1,425000,"A","G",-0.405134229288738,0.171380337696608,-2.36394813275453,0.018081343825779
"SNP426",1,426000,"A","G",-0.402447106919092,0.218709841050988,-1.84009601481659,0.065754142280159
"SNP427",1,427000,"A","G",0.0931941466602468,0.430870087178269,0.216292913881693,0.828759432247347
"SNP428",1,428000,"A","G",-0.394157544395602,0.171244004332226,-2.30173048062405,0.0213503761559942
"SNP429",1,429000,"A","G",0.0931941466602468,0.430870087178269,0.216292913881693,0.828759432247347
"SNP430",1,430000,"A","G",0.389008429764535,0.385081881719685,1.01019665746754,0.31240108037513
"SNP431",1,431000,"A","G",-0.479899821949255,0.786123328469202,-0.610463784205147,0.541554626756713
"SNP432",1,432000,"A","G",1.12590994344816,0.560627807693669,2.00830199286755,0.0446112102559076
"SNP433",1,433000,"A","G",0.212842276958594,0.162563102841628,1.30929019708703,0.190436068969737
"SNP434",1,434000,"A","G",-0.352423844045235,0.261203284504892,-1.34923205392785,0.177262442076532
"SNP435",1,435000,"A","G",-0.558502849678989,0.282469652015026,-1.97721364293421,0.0480174861193876
"SNP436",1,436000,"A","G",0.040215875554217,0.337927284452021,0.119007482983893,0.905269427352452
"SNP437",1,437000,"A","G",0.0332041080682516,0.337538806715306,0.0983712314189027,0.921637517861917
"SNP438",1,438000,"A","G",0.222574131009161,0.161876006383119,1.37496677847602,0.169141744425299
"SNP439",1,439000,"A","G",0.150737541230015,0.329211884552423,0.457873935611253,0.647043013557407
"SNP440",1,440000,"A","G",0.150737541230015,0.329211884552423,0.457873935611253,0.647043013557407
"SNP441",1,441000,"A","G",-0.585617392800203,0.523223048463837,-1.11924999198631,0.263033503464607
"SNP442",1,442000,"A","G",0.150737541230015,0.329211884552423,0.457873935611253,0.647043013557407
"SNP443",1,443000,"A","G",0.0781858856612835,0.333975111285325,0.234106922999082,0.814901971485979
"SNP444",1,444000,"A","G",0.160227842040369,0.329317037193503,0.48654586293457,0.626580196447234
"SNP445",1,445000,"A","G",-0.363563543660397,0.260367762523055,-1.39634623018356,0.16261025860408
"SNP446",1,446000,"A","G",0.0735625569462619,0.333937655486774,0.220288295547357,0.825646635087245
"SNP447",1,447000,"A","G",0.359637508652458,0.36236030369143,0.992485945587212,0.320960532027235
"SNP448",1,448000,"A","G",-0.362682981890617,0.259720122461293,-1.39643774403605,0.162582715733774
"SNP449",1,449000,"A","G",0.357881935044551,0.359988769932967,0.994147498298884,0.320151063896377
"SNP450",1,450000,"A","G",-0.500199867139841,0.176250155381847,-2.83801092859269,0.00453956283165071
"SNP451",1,451000,"A","G",0.45354738610961,0.381909982502553,1.18757667222426,0.235000232943225
"SNP452",1,452000,"A","G",-0.170879701457962,0.399235401147977,-0.428017407691323,0.668638446738322
"SNP453",1,453000,"A","G",0.176768353067062,0.169420965016162,1.04336764372815,0.296778053178906
"SNP454",1,454000,"A","G",-0.232541208179003,0.171943786667118,-1.35242577057583,0.176239150001266
"SNP455",1,455000,"A","G",-0.24950225276738,0.252717772709118,-0.987276241368906,0.323507234609021
"SNP456",1,456000,"A","G",-0.31083406909242,0.379386348342071,-0.819307469683014,0.412611011897079
"SNP457",1,457000,"A","G",-0.476278866397303,0.160323544787125,-2.97073562731973,0.0029708740559874
"SNP458",1,458000,"A","G",0.761355364339476,0.637180454899504,1.19488185565823,0.232133192896175
"SNP459",1,459000,"A","G",0.289882259623383,0.708227055257183,0.409306955264673,0.682314411940514
"SNP460",1,460000,"A","G",0.204144849044398,0.16108728650275,1.26729336297382,0.205050412815844
"SNP461",1,461000,"A","G",-0.0475605587944258,0.348515950733501,-0.136465945659956,0.891452944088133
"SNP462",1,462000,"A","G",-0.226097191163296,0.344432129807381,-0.656434669116779,0.511544489790951
"SNP463",1,463000,"A","G",-0.877914774040736,0.570059647484627,-1.54004020090619,0.123550554552085
"SNP464",1,464000,"A","G",0.0604234016161465,0.343115059938468,0.176102446878847,0.86021345863724
"SNP465",1,465000,"A","G",0.164134745557194,0.165708148512223,0.990504975348794,0.321927358512855
"SNP466",1,466000,"A","G",-0.0263414506877538,0.346578247812823,-0.0760043391470433,0.939415646045855
"SNP467",1,467000,"A","G",-0.316986113861983,0.509780585487557,-0.621808917181135,0.534067522125298
"SNP468",1,468000,"A","G",-0.555871290211184,0.403444410477761,-1.377813834508,0.168260773538562
"SNP469",1,469000,"A","G",0.135748564920538,0.295532210203455,0.45933593778859,0.645992944234658
"SNP470",1,470000,"A","G",-0.823244358374484,0.287232599982271,-2.86612438290534,0.0041553094597237
"SNP471",1,471000,"A","G",1.0145700563887,0.420070491098121,2.41523762770499,0.0157249470053737
"SNP472",1,472000,"A","G",0.536395708928993,0.457253909644468,1.17308063991418,0.240763469388638
"SNP473",1,473000,"A","G",1.79104571166783,0.891029235617721,2.01008635864361,0.0444220495866452
"SNP474",1,474000,"A","G",-0.619386642088203,0.593888742653491,-1.04293379820737,0.296978954824432
"SNP475",1,475000,"A","G",-0.402491679537803,0.422382044555534,-0.952909065917654,0.340636146248458
"SNP476",1,476000,"A","G",0.155217419023311,0.178609764614277,0.86903098136049,0.38483018530141
"SNP477",1,477000,"A","G",-0.263232340852499,0.710609164110751,-0.370431953522448,0.711060669009149
"SNP478",1,478000,"A","G",0.491928892358957,0.710396689321418,0.692470699474762,0.488641780303233
"SNP479",1,479000,"A","G",0.265894830876026,0.174371118585095,1.52487885054351,0.12728931794597
"SNP480",1,480000,"A","G",2.84221779925828,0.934175598517915,3.04248773332071,0.00234631380127197
"SNP481",1,481000,"A","G",0.300135198942051,0.174088193591196,1.72404108946552,0.0847004257004794
"SNP482",1,482000,"A","G",0.470253996663106,0.195009138438027,2.41144594776285,0.0158894068938439
"SNP483",1,483000,"A","G",1.05989222489873,0.429847589501595,2.46573960348986,0.0136730693513678
"SNP484",1,484000,"A","G",0.249201124657925,0.173759113110231,1.4341758552821,0.151522085388675
"SNP485",1,485000,"A","G",-0.854845443787803,0.291203792182176,-2.93555738880288,0.00332949017409302
"SNP486",1,486000,"A","G",0.535999175882667,0.161858681526736,3.31152565204931,0.000927887325094249
"SNP487",1,487000,"A","G",-0.166022012786198,0.3560582156407,-0.466277719466335,0.641016724781794
"SNP488",1,488000,"A","G",0.541018889115252,0.16223902443558,3.33470255382405,0.000853906851088745
"SNP489",1,489000,"A","G",0.284657961172596,0.174210644818352,1.63398718528025,0.102261541388508
"SNP490",1,490000,"A","G",-1.39179582302243,0.815640200685055,-1.70638453309862,0.0879365084104699
"SNP491",1,491000,"A","G",0.448478258839319,0.192737503938234,2.32688630741551,0.0199713171632208
"SNP492",1,492000,"A","G",0.285159957747215,0.174700902689654,1.63227523932022,0.102621516920855
"SNP493",1,493000,"A","G",0.283590332477795,0.173032560958279,1.6389420055233,0.101225338392152
"SNP494",1,494000,"A","G",0.278969437100657,0.172949480088035,1.61301113457326,0.106742088750378
"SNP495",1,495000,"A","G",-0.0291353470309082,0.197877920435004,-0.147238999514744,0.88294337887617
"SNP496",1,496000,"A","G",0.0002473716861443,0.199904384071957,0.00123745003038681,0.999012657977973
"SNP497",1,497000,"A","G",0.288386250300624,0.182493258094471,1.58025700955668,0.114048020768948
"SNP498",1,498000,"A","G",2.84221779925828,0.934175598517915,3.04248773332071,0.00234631380127197
"SNP499",1,499000,"A","G",0.317056933142501,0.174067080980269,1.82146406636439,0.0685363441423375
"SNP500",1,5e+05,"A","G",-0.0475014473296686,0.197705145814122,-0.240264091933795,0.810125530251927
"SNP501",1,501000,"A","G",0.309760214419312,0.174244574046105,1.77773234039041,0.075447825462688
"SNP502",1,502000,"A","G",-0.176193940241799,0.220762812073733,-0.798114223073727,0.424804208375322
"SNP503",1,503000,"A","G",-0.869214052875979,0.595405300462341,-1.4598695245088,0.14432593632829
"SNP504",1,504000,"A","G",-0.898062850158723,0.382118096422633,-2.35022329108811,0.0187621520165034
"SNP505",1,505000,"A","G",-0.854845443787803,0.291203792182176,-2.93555738880288,0.00332949017409302
"SNP506",1,506000,"A","G",0.164005925596289,0.517562288808125,0.316881521592256,0.751333503666497
"SNP507",1,507000,"A","G",0.45502811960322,0.193646991193991,2.3497815111797,0.0187844336973629
"SNP508",1,508000,"A","G",0.301872789961859,0.173459354715956,1.7403085031429,0.0818048617677377
"SNP509",1,509000,"A","G",0.309068841760812,0.173556055347667,1.78080125836973,0.0749449237975188
"SNP510",1,510000,"A","G",0.149201173255545,0.534112951793376,0.279343859299004,0.779980950500109
"SNP511",1,511000,"A","G",-0.533594129633785,0.283684837833267,-1.88093989692674,0.0599800951909815
"SNP512",1,512000,"A","G",0.331407027541886,0.174111936334367,1.90341360000412,0.0569865978092694
"SNP513",1,513000,"A","G",0.291625956233266,0.177365953283015,1.64420482530788,0.100133900572133
"SNP514",1,514000,"A","G",-0.794172635875928,0.290098518922056,-2.73759631323491,0.0061889994670147
"SNP515",1,515000,"A","G",0.343079530511098,0.168913556171165,2.03109530275619,0.042245327871958
"SNP516",1,516000,"A","G",-0.157787290701117,0.177274777719589,-0.890071857547059,0.373427303053078
"SNP517",1,517000,"A","G",-0.540845130137382,0.278951140455796,-1.9388525504992,0.0525192951024475
"SNP518",1,518000,"A","G",-0.27577576066258,0.179299049151604,-1.53807709504026,0.124029765661454
"SNP519",1,519000,"A","G",-0.246408265989186,0.178003378978279,-1.38428982305586,0.166269728943152
"SNP520",1,520000,"A","G",1.20489314409884,0.582309283900995,2.06916354832442,0.0385307420407213
"SNP521",1,521000,"A","G",-0.0529963843170897,0.200919707142545,-0.263768970554445,0.791957945943917
"SNP522",1,522000,"A","G",-0.176508652934701,0.170689034910839,-1.03409485575275,0.301091820938876
"SNP523",1,523000,"A","G",-0.233312483139909,0.710627439034357,-0.328318990126455,0.742670487224047
"SNP524",1,524000,"A","G",0.330788601944493,0.221640201473024,1.49245759454317,0.135579226066047
"SNP525",1,525000,"A","G",0.458758657012466,0.213155409813881,2.15222619690035,0.0313795433130634
"SNP526",1,526000,"A","G",0.249908015514282,0.193029460609689,1.29466255940902,0.195436661096648
"SNP527",1,527000,"A","G",-0.352004933209217,0.318712552513862,-1.10445895661391,0.269394098256592
"SNP528",1,528000,"A","G",0.260989295500493,0.192916454693279,1.35286176555258,0.176099796093779
"SNP529",1,529000,"A","G",-0.335973634609878,0.317279560520274,-1.05891988144131,0.289636268984255
"SNP530",1,530000,"A","G",1.21352161734492,0.756707094166226,1.60368738009789,0.108782979014107
"SNP531",1,531000,"A","G",0.433295425703696,0.216945463382312,1.99725506562044,0.0457974819415182
"SNP532",1,532000,"A","G",-0.670798781185796,0.570513677001039,-1.1757803681621,0.239682653317567
"SNP533",1,533000,"A","G",1.04967467077779,0.590971018934874,1.77618637318231,0.0757022035269858
"SNP534",1,534000,"A","G",-0.635528514155819,0.169769809938099,-3.74347190697536,0.000181494902877978
"SNP535",1,535000,"A","G",0.592724556189108,0.689666613231249,0.859436349125348,0.390099822737
"SNP536",1,536000,"A","G",-0.611642661230029,0.159283177224009,-3.83997024600935,0.000123049222635808
"SNP537",1,537000,"A","G",1.03160880207843,0.512238883751775,2.01392130664241,0.0440177961668574
"SNP538",1,538000,"A","G",0.564405196449126,0.452785168401812,1.24651873744296,0.212574014567123
"SNP539",1,539000,"A","G",-0.525065595840822,0.15939092539962,-3.29420005890797,0.000987022215648929
"SNP540",1,540000,"A","G",-0.636980754447541,0.160131904509533,-3.97785036279026,6.95411104845906e-05
"SNP541",1,541000,"A","G",-0.598681290966214,0.164238646498293,-3.64519133426027,0.000267192936911147
"SNP542",1,542000,"A","G",-0.588987460752842,0.430183375353682,-1.36915439902483,0.170951016853684
"SNP543",1,543000,"A","G",0.976067659494801,0.581026729766119,1.67990147353066,0.0929764870710825
"SNP544",1,544000,"A","G",-0.548759411864941,0.159744818503782,-3.4352251109287,0.000592061789638621
"SNP545",1,545000,"A","G",0.920591112823354,0.569904286585671,1.61534337342621,0.10623635574439
"SNP546",1,546000,"A","G",0.424850276764312,0.635530126933094,0.66849746181905,0.50381610155599
"SNP547",1,547000,"A","G",1.29617331902847,0.892567366888474,1.45218542276196,0.146450054816116
"SNP548",1,548000,"A","G",0.976067659494801,0.581026729766119,1.67990147353066,0.0929764870710825
"SNP549",1,549000,"A","G",0.299806187566488,0.817662430047417,0.366662545017632,0.713870748277016
"SNP550",1,550000,"A","G",1.63410241802835,0.783359627534051,2.08601817172065,0.0369769770452046
"SNP551",1,551000,"A","G",-0.0534917374272132,0.335150590277284,-0.159605081951242,0.873192175487341
"SNP552",1,552000,"A","G",-0.761400759677658,0.670497775459582,-1.13557537033701,0.256134321618426
"SNP553",1,553000,"A","G",0.877470565224111,0.606161302005885,1.44758591866624,0.147732891624521
"SNP554",1,554000,"A","G",0.187504387666724,0.271740194968726,0.690013443496293,0.490185733266198
"SNP555",1,555000,"A","G",-0.040079118143994,0.78633188805855,-0.0509697225212997,0.959349647104186
"SNP556",1,556000,"A","G",0.957404869962553,0.60805093704773,1.57454714996582,0.115361010063259
"SNP557",1,557000,"A","G",0.0731427577104515,0.292312092199099,0.250221457347829,0.802416092385066
"SNP558",1,558000,"A","G",-0.550099432264946,0.160424139262572,-3.42903153349372,0.000605739145426594
"SNP559",1,559000,"A","G",-0.531240328590843,0.161628829515585,-3.28679190576962,0.00101335686828471
"SNP560",1,560000,"A","G",0.00773487654709952,0.291261825298015,0.0265564378002002,0.978813518593085
"SNP561",1,561000,"A","G",0.556969784456082,0.381676912888592,1.45927030335905,0.144490725552072
"SNP562",1,562000,"A","G",0.0023010119863279,0.222680642387004,0.0103332375983041,0.991755415977808
"SNP563",1,563000,"A","G",-0.040079118143994,0.78633188805855,-0.0509697225212997,0.959349647104186
"SNP564",1,564000,"A","G",0.807304548354467,0.24476682800427,3.29825963320643,0.000972861335879568
"SNP565",1,565000,"A","G",0.71678371963206,0.444209797856558,1.61361528514398,0.106610899312234
"SNP566",1,566000,"A","G",0.599072019291171,0.169636319758764,3.53150799394315,0.000413197372508863
"SNP567",1,567000,"A","G",-0.633061157956274,0.163461112964447,-3.87285481222661,0.000107567912571801
"SNP568",1,568000,"A","G",0.556969784456082,0.381676912888592,1.45927030335905,0.144490725552072
"SNP569",1,569000,"A","G",0.636557980276319,0.384318569242277,1.65632897086227,0.0976552166327563
"SNP570",1,570000,"A","G",-0.609874591739654,0.166089715523227,-3.67195879539192,0.000240698497084159
"SNP571",1,571000,"A","G",0.563247588925823,0.378877664261566,1.48662125550102,0.137114870702761
"SNP572",1,572000,"A","G",0.463800267192987,0.562244031405793,0.824909187623273,0.409423149818618
"SNP573",1,573000,"A","G",-0.548371304455004,0.163810563598416,-3.3475942723654,0.00081516257324339
"SNP574",1,574000,"A","G",-0.235521170388931,0.786272007987614,-0.299541593744034,0.764526840775089
"SNP575",1,575000,"A","G",-0.207727279904045,0.594389686545359,-0.349479953313748,0.72672901815037
"SNP576",1,576000,"A","G",0.0125383515676302,0.206473828708418,0.060726105802672,0.951577340619828
"SNP577",1,577000,"A","G",0.801607585055578,0.248647518497354,3.22387124512609,0.00126470249230045
"SNP578",1,578000,"A","G",0.556969784456082,0.381676912888592,1.45927030335905,0.144490725552072
"SNP579",1,579000,"A","G",-0.734979714169122,0.650992085282035,-1.12901482335334,0.25889158053817
"SNP580",1,580000,"A","G",0.0607736224190798,0.60936194060078,0.0997332100510939,0.920556134168558
"SNP581",1,581000,"A","G",1.43033926596828,0.730902504023132,1.95694946739847,0.0503534098005047
"SNP582",1,582000,"A","G",0.556969784456082,0.381676912888592,1.45927030335905,0.144490725552072
"SNP583",1,583000,"A","G",-0.619678416863315,0.165736851732598,-3.738929576526,0.000184805484198809
"SNP584",1,584000,"A","G",0.869973128791489,0.481436756264348,1.80703512449266,0.0707568027836695
"SNP585",1,585000,"A","G",0.496592101926857,0.372253102739756,1.33401736149941,0.182198166736148
"SNP586",1,586000,"A","G",0.334881165912127,0.322121946050319,1.03960990555985,0.298521172965833
"SNP587",1,587000,"A","G",-0.588987460752842,0.430183375353682,-1.36915439902483,0.170951016853684
"SNP588",1,588000,"A","G",-0.537614932503613,0.161849170999028,-3.32170334383018,0.000894697629075131
"SNP589",1,589000,"A","G",0.0698021618145248,0.200218936956116,0.34862917002613,0.727367725595604
"SNP590",1,590000,"A","G",-0.797526908655029,0.689302657133324,-1.15700541757925,0.247270146947607
"SNP591",1,591000,"A","G",-0.729553520174803,0.164245392650736,-4.44185074783912,8.91884178194223e-06
"SNP592",1,592000,"A","G",0.929582163707163,0.652782067909001,1.42403140252429,0.154437381963202
"SNP593",1,593000,"A","G",-0.393648075085903,0.622925658283323,-0.631934276348047,0.527429824630848
"SNP594",1,594000,"A","G",-0.532120952253778,0.173049097547475,-3.07497097526206,0.00210523040038474
"SNP595",1,595000,"A","G",-0.62641499003183,0.165805046548463,-3.77802125491239,0.000158079390105069
"SNP596",1,596000,"A","G",-0.607693432256105,0.168185044485536,-3.61324298551627,0.000302391081674676
"SNP597",1,597000,"A","G",0.175152821811519,0.194468866184279,0.900672818473391,0.367762304962834
"SNP598",1,598000,"A","G",0.234666232598599,0.733296564467301,0.320015453459913,0.748956615916242
"SNP599",1,599000,"A","G",0.772665881471482,0.402819887106762,1.91814234153414,0.0550929648699418
"SNP600",1,6e+05,"A","G",0.112114034488839,0.203725392264955,0.550319394369011,0.582100324148487
"SNP601",1,601000,"A","G",0.0530174509993587,0.203884164613724,0.260037120096133,0.794835140527176
"SNP602",1,602000,"A","G",0.0805391356111016,0.202266875926634,0.398182526140932,0.690495645455695
"SNP603",1,603000,"A","G",-0.98550478361077,0.541565000901724,-1.81973499389708,0.0687993714896064
"SNP604",1,604000,"A","G",0.0859366226742727,0.202465332558194,0.42445104842614,0.671236898176405
"SNP605",1,605000,"A","G",0.704614043034702,0.46966273311793,1.5002553818929,0.133548262310017
"SNP606",1,606000,"A","G",-0.213211561153361,0.853268550757558,-0.249876268103477,0.80268303647269
"SNP607",1,607000,"A","G",0.131795926004276,0.295925436878388,0.445368696231539,0.656053330617932
"SNP608",1,608000,"A","G",0.131795926004276,0.295925436878388,0.445368696231539,0.656053330617932
"SNP609",1,609000,"A","G",0.0126878397043016,0.20774150733827,0.0610751306605363,0.951299375025315
"SNP610",1,610000,"A","G",-0.173745656911214,0.517531080143136,-0.33572023705931,0.737081843708205
"SNP611",1,611000,"A","G",-0.695734301510236,0.163850481901309,-4.24615352629412,2.17471645737841e-05
"SNP612",1,612000,"A","G",0.0507767371093598,0.204784392008525,0.247952183324821,0.804171403809083
"SNP613",1,613000,"A","G",-0.00310427815088587,0.207512137962567,-0.0149595015567033,0.988064489840306
"SNP614",1,614000,"A","G",0.689747050782732,0.381297610583839,1.80894669055649,0.0704592857302577
"SNP615",1,615000,"A","G",-0.607454163270443,0.481853590088635,-1.26066127920455,0.207430910215615
"SNP616",1,616000,"A","G",0.0511461593217871,0.206271468451429,0.247955568968233,0.804168784234188
"SNP617",1,617000,"A","G",0.113045822133221,0.292923544574161,0.385922621199882,0.699553976701557
"SNP618",1,618000,"A","G",1.35715831636237,0.620553958252801,2.18701097352358,0.0287417229224301
"SNP619",1,619000,"A","G",0.692317827235253,0.177322202587895,3.90429296011077,9.45012522038606e-05
"SNP620",1,620000,"A","G",-0.574823173450224,0.410469432599108,-1.40040433659194,0.161392272148142
"SNP621",1,621000,"A","G",0.0224453462052915,0.205279362170183,0.109340490773172,0.91293243210683
"SNP622",1,622000,"A","G",-0.826243736699869,0.159897367808381,-5.16733794949038,2.37451687329241e-07
"SNP623",1,623000,"A","G",-0.570760101117236,0.410760666456189,-1.38951985359609,0.164674728040611
"SNP624",1,624000,"A","G",-0.573806715745532,0.42193497227156,-1.35994111285999,0.173848559451146
"SNP625",1,625000,"A","G",-0.227492359190938,0.224993429482256,-1.01110667860138,0.31196537421378
"SNP626",1,626000,"A","G",0.836943843993182,0.330323489208264,2.53370974616189,0.0112862173577781
"SNP627",1,627000,"A","G",-0.238785547144389,0.22463920273635,-1.06297362275027,0.287793913398217
"SNP628",1,628000,"A","G",-0.228792108358188,0.224149347513121,-1.02071280107026,0.30739052781886
"SNP629",1,629000,"A","G",-0.574823173450224,0.410469432599108,-1.40040433659194,0.161392272148142
"SNP630",1,630000,"A","G",-0.572988082703648,0.410543429010496,-1.39568202098541,0.16281027075168
"SNP631",1,631000,"A","G",-0.247792287899175,0.226272590277493,-1.09510518969748,0.273470555334333
"SNP632",1,632000,"A","G",-0.555011378474681,0.414321120631192,-1.33956815339067,0.180385783253513
"SNP633",1,633000,"A","G",0.61858709957956,0.710223594484698,0.870975146958296,0.383767723329839
"SNP634",1,634000,"A","G",-0.693318611524092,0.166496283435283,-4.16416869625552,3.12489013230775e-05
"SNP635",1,635000,"A","G",0.55194464683659,0.183497861451184,3.00790778961435,0.00263052940752712
"SNP636",1,636000,"A","G",-0.802110765600871,0.68927803869445,-1.16369697070305,0.244546837498339
"SNP637",1,637000,"A","G",-0.240071028052678,0.223711515571748,-1.0731277173601,0.283213816434547
"SNP638",1,638000,"A","G",-0.709343410857009,0.162679721428634,-4.36036774975786,1.29844039244135e-05
"SNP639",1,639000,"A","G",-0.705786892624778,0.162481944426381,-4.34378659805221,1.40047564513416e-05
"SNP640",1,640000,"A","G",0.449178571262708,0.373793508382216,1.20167568775274,0.229489204233885
"SNP641",1,641000,"A","G",0.429773341531075,0.620747686017137,0.692347875331766,0.488718891379938
"SNP642",1,642000,"A","G",-0.702965951967919,0.162052707088369,-4.33788465862892,1.43860612829921e-05
"SNP643",1,643000,"A","G",-0.713000543587615,0.161749668926611,-4.40804947743736,1.04305720537916e-05
"SNP644",1,644000,"A","G",0.664368306924654,0.181281622383235,3.66484091542472,0.000247492371584192
"SNP645",1,645000,"A","G",-0.719409586437692,0.161937707622633,-4.44250815328414,8.89162629805109e-06
"SNP646",1,646000,"A","G",-0.71703143677976,0.162881956184588,-4.40215388847108,1.07181488321982e-05
"SNP647",1,647000,"A","G",0.640304054297593,0.182574652596643,3.50708077595087,0.00045305160000077
"SNP648",1,648000,"A","G",1.10768497300248,0.73193118474975,1.5133731094969,0.130184911511694
"SNP649",1,649000,"A","G",0.252617772434188,0.756154885267916,0.334082047680855,0.738317646453244
"SNP650",1,650000,"A","G",0.264544665721442,0.690041611135975,0.383374946455675,0.701441776742556
"SNP651",1,651000,"A","G",-0.217371007364743,0.225761062553288,-0.962836571135625,0.33562954470622
"SNP652",1,652000,"A","G",-0.824533464794026,0.409972337655532,-2.01119292464756,0.0443050828342172
"SNP653",1,653000,"A","G",-1.12605289731095,0.162334633795788,-6.93661525566682,4.01605618898072e-12
"SNP654",1,654000,"A","G",-0.547970461054312,0.178128845356997,-3.07625898520869,0.0020961568910325
"SNP655",1,655000,"A","G",1.07320625694563,0.940634462919661,1.14093869537214,0.253895435238597
"SNP656",1,656000,"A","G",-0.763311702455955,0.689355059502801,-1.10728381830764,0.268171238273018
"SNP657",1,657000,"A","G",0.714666729326423,0.581691255946404,1.22860146515985,0.219221265892931
"SNP658",1,658000,"A","G",0.714666729326423,0.581691255946404,1.22860146515985,0.219221265892931
"SNP659",1,659000,"A","G",0.7164989905621,0.581705001158893,1.23172224604338,0.218052856870133
"SNP660",1,660000,"A","G",0.61781664259416,0.593959578227463,1.04016614133556,0.298262719061267
"SNP661",1,661000,"A","G",0.981551569924917,0.238185098962645,4.12096127843353,3.77294840971928e-05
"SNP662",1,662000,"A","G",0.827992072634703,0.581428485530137,1.42406520017634,0.154427598992416
"SNP663",1,663000,"A","G",1.05172638662805,0.237726463003627,4.42410311977763,9.68437575891059e-06
"SNP664",1,664000,"A","G",1.08046475972957,0.7570596055294,1.42718585410988,0.153526330824134
"SNP665",1,665000,"A","G",-1.07229757148271,0.757079906029183,-1.41635983592118,0.156670177016914
"SNP666",1,666000,"A","G",1.07656330860831,0.193291073909109,5.56964833831147,2.55253993845066e-08
"SNP667",1,667000,"A","G",1.07372602412947,0.188384788257705,5.69964291734979,1.20058638061635e-08
"SNP668",1,668000,"A","G",-0.255505635295045,0.480669280017095,-0.531562231907057,0.595029228770649
"SNP669",1,669000,"A","G",0.156030404272767,0.653905628272989,0.238613031493328,0.811405659311363
"SNP670",1,670000,"A","G",0.037601980839726,0.435234240398018,0.086394813067417,0.93115257008783
"SNP671",1,671000,"A","G",-0.0372817203641568,0.323213176509873,-0.115347154985242,0.908169963490934
"SNP672",1,672000,"A","G",-0.173832983314436,0.183353758132721,-0.948074285930952,0.343091637795104
"SNP673",1,673000,"A","G",-0.0540217487520728,0.168169078938558,-0.321234730504828,0.748032514574424
"SNP674",1,674000,"A","G",0.325873757259534,0.211461211551903,1.54105689108637,0.123302940447615
"SNP675",1,675000,"A","G",0.0614072397160984,0.399226328464647,0.153815606180734,0.877755128325062
"SNP676",1,676000,"A","G",1.24309174070812,0.465938038606645,2.66793358281178,0.00763193434778001
"SNP677",1,677000,"A","G",0.505104764454198,0.217376068864534,2.32364476500388,0.0201445411049533
"SNP678",1,678000,"A","G",-0.219973746093033,0.435172121032922,-0.505486761355264,0.613216994478905
"SNP679",1,679000,"A","G",-0.155679027674489,0.435220574397859,-0.35770144343446,0.720566752781359
"SNP680",1,680000,"A","G",-0.153602844537149,0.435189691884332,-0.352956072723282,0.724121372618757
"SNP681",1,681000,"A","G",-0.49914209050832,0.162395160450554,-3.07362663470688,0.00211473914243084
"SNP682",1,682000,"A","G",-0.162025721706348,0.439687544364477,-0.368501959591645,0.712498984247971
"SNP683",1,683000,"A","G",-0.241965692017483,0.175896046446558,-1.37561757018227,0.168940064076563
"SNP684",1,684000,"A","G",0.011107235246457,0.596513300895838,0.0186202641747908,0.985144037164129
"SNP685",1,685000,"A","G",0.964149278940964,0.40260593907544,2.39477162496677,0.0166307201624246
"SNP686",1,686000,"A","G",-0.327966962115673,0.224963991306983,-1.457864257343,0.144877962310458
"SNP687",1,687000,"A","G",-0.152073753531173,0.653907257882813,-0.232561654115217,0.816101806475062
"SNP688",1,688000,"A","G",0.164876529686682,0.389963291102129,0.422800128752379,0.672441093719839
"SNP689",1,689000,"A","G",-0.296124361288547,0.222600279963942,-1.33029644588279,0.183420617733631
"SNP690",1,690000,"A","G",-0.296124361288547,0.222600279963942,-1.33029644588279,0.183420617733631
"SNP691",1,691000,"A","G",0.964149278940964,0.40260593907544,2.39477162496677,0.0166307201624246
"SNP692",1,692000,"A","G",0.260827264563501,0.184721084003543,1.41200592217453,0.157948217435538
"SNP693",1,693000,"A","G",1.38701888944582,0.848593259854339,1.63449199406073,0.10215558592482
"SNP694",1,694000,"A","G",0.0760002049489773,0.343925991503017,0.220978369843009,0.82510927503328
"SNP695",1,695000,"A","G",-0.736814491803701,0.256572196247976,-2.87176281209977,0.00408189210581241
"SNP696",1,696000,"A","G",-0.162025721706348,0.439687544364477,-0.368501959591645,0.712498984247971
"SNP697",1,697000,"A","G",-0.239679800553387,0.232946130205672,-1.02890655595682,0.303523587364125
"SNP698",1,698000,"A","G",-0.254307086595886,0.232558270263943,-1.09351985765657,0.274165615125421
"SNP699",1,699000,"A","G",-0.225821622570063,0.85326287917539,-0.264656564912681,0.79127404078029
"SNP700",1,7e+05,"A","G",-0.094726092239653,0.289386910262982,-0.32733371441566,0.743415495304133
"SNP701",1,701000,"A","G",-0.258257715442331,0.233889248217777,-1.10418806084607,0.269511567620684
"SNP702",1,702000,"A","G",0.164522448102631,0.426627941571937,0.385634488675161,0.699767387006549
"SNP703",1,703000,"A","G",0.873932771029844,0.419524716145249,2.08314966293254,0.0372375837331116
"SNP704",1,704000,"A","G",-0.61938175543194,0.162945245316126,-3.80116495102567,0.000144017383619661
"SNP705",1,705000,"A","G",-0.768990997302707,0.251399893004943,-3.05883581775266,0.0022219888740174
"SNP706",1,706000,"A","G",0.964149278940964,0.40260593907544,2.39477162496677,0.0166307201624246
"SNP707",1,707000,"A","G",0.970516221966324,0.536321498406635,1.80957918869492,0.0703610696678483
"SNP708",1,708000,"A","G",1.4752180626789,0.535910692375643,2.75273116149147,0.00591004062544396
"SNP709",1,709000,"A","G",0.99287462921193,0.54151709050838,1.83350562081025,0.0667274134475057
"SNP710",1,710000,"A","G",1.05587865566833,0.498860639925685,2.11658040575345,0.0342954745325309
"SNP711",1,711000,"A","G",-0.512350900777476,0.229443306382519,-2.23301742315073,0.0255477954240314
"SNP712",1,712000,"A","G",-0.370761800791373,0.163741844134749,-2.26430698121526,0.023555240506249
"SNP713",1,713000,"A","G",1.39412187651335,0.423808931134583,3.28950565713926,0.0010036353901385
"SNP714",1,714000,"A","G",0.0720672032703914,0.343961762908255,0.209520973090297,0.83404156454773
"SNP715",1,715000,"A","G",1.41385029418814,0.407624421622945,3.46851223623681,0.000523348693171681
"SNP716",1,716000,"A","G",-0.66385428185106,0.162313580190515,-4.08994910390039,4.31467858228531e-05
"SNP717",1,717000,"A","G",1.41622985297222,0.407581079501952,3.47471932382826,0.000511388123180576
"SNP718",1,718000,"A","G",1.41622985297222,0.407581079501952,3.47471932382826,0.000511388123180576
"SNP719",1,719000,"A","G",1.39556543607604,0.403991668852999,3.45444112755663,0.000551434596170333
"SNP720",1,720000,"A","G",1.40973853408977,0.4076492982041,3.45821405875191,0.000543769152387652
"SNP721",1,721000,"A","G",1.41622985297222,0.407581079501952,3.47471932382826,0.000511388123180576
"SNP722",1,722000,"A","G",1.41501085905196,0.407617358945558,3.47141952617614,0.000517714479685506
"SNP723",1,723000,"A","G",1.26925787095932,0.528362316664543,2.40224904563958,0.0162946106666336
"SNP724",1,724000,"A","G",1.43846517161322,0.408134340274642,3.52448943807386,0.000424299729539767
"SNP725",1,725000,"A","G",-0.761430686700333,0.161392949913824,-4.7178683276246,2.38328655669412e-06
"SNP726",1,726000,"A","G",1.39856055789565,0.407803865535574,3.42949313650793,0.000604709727104523
"SNP727",1,727000,"A","G",1.37457627033384,0.411689125936344,3.33886951035569,0.00084120069424281
"SNP728",1,728000,"A","G",1.10320006235399,0.556950470903199,1.9807866587579,0.0476152035756397
"SNP729",1,729000,"A","G",1.37537222082435,0.412123076035779,3.33728514805355,0.000846011029841161
"SNP730",1,730000,"A","G",1.36334109010656,0.407925119220254,3.34213566625309,0.00083136416039762
"SNP731",1,731000,"A","G",0.283280693157323,0.178331007615072,1.58851058459101,0.112170929521555
"SNP732",1,732000,"A","G",0.655714814681612,0.160455583269472,4.08658147831723,4.3777578979776e-05
"SNP733",1,733000,"A","G",1.46236982179406,0.4035783538758,3.6235090602607,0.000290633018276985
"SNP734",1,734000,"A","G",0.34842474873427,0.161227027773658,2.16108151062248,0.0306890435478441
"SNP735",1,735000,"A","G",1.4711234846672,0.403552124622203,3.64543610331488,0.00026693873648515
"SNP736",1,736000,"A","G",1.14318483839601,0.633994976471577,1.80314494723328,0.071365453797851
"SNP737",1,737000,"A","G",1.46236982179406,0.4035783538758,3.6235090602607,0.000290633018276985
"SNP738",1,738000,"A","G",-0.441720424745482,0.414456109167931,-1.06578336034734,0.286521584497045
"SNP739",1,739000,"A","G",-0.689399501182682,0.163695074097493,-4.21148592884408,2.53696359316148e-05
"SNP740",1,740000,"A","G",-0.413274545576655,0.418357383032832,-0.987850489408528,0.323225876188493
"SNP741",1,741000,"A","G",-0.348805399684171,0.283842207082634,-1.22887079856529,0.219120251557108
"SNP742",1,742000,"A","G",1.05548465730597,0.498838650683818,2.1158838751951,0.0343546851661612
"SNP743",1,743000,"A","G",0.124826416573375,0.224323990940867,0.556455937012462,0.577899208583551
"SNP744",1,744000,"A","G",0.947829188894288,0.634558095864881,1.4936838645206,0.135258267856955
"SNP745",1,745000,"A","G",-0.021638691117044,0.550630299629286,-0.0392980392317901,0.968652769876794
"SNP746",1,746000,"A","G",0.617792852108411,0.52543529951676,1.17577340669078,0.23968543588448
"SNP747",1,747000,"A","G",-2.24302430903894,0.727385829010323,-3.08367886695124,0.00204458162486807
"SNP748",1,748000,"A","G",0.255014008612617,0.186075895742578,1.37048384260049,0.170535915685392
"SNP749",1,749000,"A","G",-0.495892120045354,0.182169543860599,-2.72214613670452,0.00648594539929543
"SNP750",1,750000,"A","G",1.50722684959416,0.374273584501619,4.02707247320479,5.64756290733777e-05
"SNP751",1,751000,"A","G",-0.83637224659209,0.448231293752156,-1.86593898786226,0.0620499020753048
"SNP752",1,752000,"A","G",-0.486169174372493,0.37404485087914,-1.29976170833476,0.193682653236142
"SNP753",1,753000,"A","G",-0.395871172007685,0.160452768193321,-2.46721310242974,0.0136169291930987
"SNP754",1,754000,"A","G",0.407363092433638,0.689883247137544,0.590481206963445,0.55486808146037
"SNP755",1,755000,"A","G",-0.440586916312425,0.542793534272943,-0.811702587619396,0.41696230920425
"SNP756",1,756000,"A","G",0.345033702022221,0.159758085375309,2.15972607090061,0.0307938817109294
"SNP757",1,757000,"A","G",-0.879952573893974,0.45330037337458,-1.94121299160465,0.0522324479505152
"SNP758",1,758000,"A","G",0.310272668931681,0.67112776738975,0.462315350381702,0.643855193145399
"SNP759",1,759000,"A","G",-0.813337623531824,0.443328653869633,-1.83461550800413,0.0665626792330374
"SNP760",1,760000,"A","G",-0.696736325467074,0.417733825091878,-1.66789540041157,0.0953364929171234
"SNP761",1,761000,"A","G",-0.810060298941005,0.443317053016682,-1.82727078380746,0.0676590657546706
"SNP762",1,762000,"A","G",0.310272668931681,0.67112776738975,0.462315350381702,0.643855193145399
"SNP763",1,763000,"A","G",-0.50680803180035,0.169550132440117,-2.98913380076154,0.00279769587701504
"SNP764",1,764000,"A","G",1.62023627921783,0.42242783873506,3.8355338608117,0.000125291842294094
"SNP765",1,765000,"A","G",-0.012642024100215,0.349239221401988,-0.0361987523894504,0.971123880788044
"SNP766",1,766000,"A","G",0.766296396405445,0.637149977817514,1.20269390737532,0.229094792475371
"SNP767",1,767000,"A","G",0.390820489974484,0.185340919073812,2.10865734306001,0.0349741693482558
"SNP768",1,768000,"A","G",-0.83637224659209,0.448231293752156,-1.86593898786226,0.0620499020753048
"SNP769",1,769000,"A","G",-0.435457147404229,0.162209648467007,-2.68453295793192,0.0072631221873409
"SNP770",1,770000,"A","G",-0.0411256630379312,0.571354632940045,-0.0719792238776625,0.942618441900539
"SNP771",1,771000,"A","G",-2.23241591540506,0.780773922305155,-2.85923473060432,0.00424664423940879
"SNP772",1,772000,"A","G",-0.285890960355491,0.163511370748241,-1.74844696761596,0.0803866610530246
"SNP773",1,773000,"A","G",1.42120842055515,0.181633048582472,7.82461359123111,5.09218560605833e-15
"SNP774",1,774000,"A","G",0.553995879354945,0.271348834589216,2.04163721651363,0.041187530765441
"SNP775",1,775000,"A","G",-0.573044826143577,0.207587499667725,-2.76049775184354,0.00577133552136074
"SNP776",1,776000,"A","G",0.980077105413044,0.165659382643428,5.91621850675732,3.29427509810069e-09
"SNP777",1,777000,"A","G",1.38772567653231,0.183274619631539,7.57183771174777,3.6798099865051e-14
"SNP778",1,778000,"A","G",-0.526639316188713,0.343942441614883,-1.53118444387389,0.125723814330698
"SNP779",1,779000,"A","G",0.432283303819501,0.161533159661203,2.67612733339807,0.00744783427987387
"SNP780",1,780000,"A","G",0.572910953381322,0.450414936646324,1.27196259885845,0.203386408336259
"SNP781",1,781000,"A","G",0.584252575311437,0.163094022135869,3.58230527189225,0.000340575471884195
"SNP782",1,782000,"A","G",-0.695936922932296,0.421647294472135,-1.65051912358064,0.0988368052643032
"SNP783",1,783000,"A","G",-0.315988751257741,0.427594795236126,-0.738991107418053,0.459912397196935
"SNP784",1,784000,"A","G",-0.315988751257741,0.427594795236126,-0.738991107418053,0.459912397196935
"SNP785",1,785000,"A","G",0.386431620608207,0.157330012043523,2.45618503163469,0.0140420835651995
"SNP786",1,786000,"A","G",0.541799444105895,0.376130045903699,1.44045776190029,0.149737931783809
"SNP787",1,787000,"A","G",0.760188550414837,0.499777294625408,1.52105459489634,0.128246137440205
"SNP788",1,788000,"A","G",-0.416993321480383,0.20328536691398,-2.05127072258395,0.0402405899764694
"SNP789",1,789000,"A","G",-0.814411805948018,0.406164618318347,-2.00512740208625,0.0449494287081452
"SNP790",1,790000,"A","G",-0.452509377499866,0.206086548131553,-2.19572495925844,0.028111635570087
"SNP791",1,791000,"A","G",-0.435347158548502,0.182777471651442,-2.38184254664991,0.0172262611582448
"SNP792",1,792000,"A","G",-0.435347158548502,0.182777471651442,-2.38184254664991,0.0172262611582448
"SNP793",1,793000,"A","G",-0.425262372407372,0.234897382601562,-1.81041767131442,0.0702310409401056
"SNP794",1,794000,"A","G",1.32910422248335,0.195275910905583,6.80628868312375,1.00148654652133e-11
"SNP795",1,795000,"A","G",0.753578925638287,0.167541588606004,4.49786188556696,6.86402620514869e-06
"SNP796",1,796000,"A","G",-1.42447977968563,0.708211991799636,-2.01137483716689,0.0442858791310201
"SNP797",1,797000,"A","G",-0.382061346305375,0.238473278103902,-1.60211386929026,0.109130431591561
"SNP798",1,798000,"A","G",-2.48312658079389,0.70341885975271,-3.53008246276884,0.000415430162505658
"SNP799",1,799000,"A","G",-0.484931591626701,0.208952854515485,-2.32077036109963,0.0202992409522823
"SNP800",1,8e+05,"A","G",1.23930157984618,0.221315090293367,5.5997156732666,2.1470366206378e-08
"SNP801",1,801000,"A","G",0.398935137737623,0.172767535084677,2.30908623858121,0.0209387962416088
"SNP802",1,802000,"A","G",0.214962875339209,0.16077419936115,1.33704833358451,0.181206860383808
"SNP803",1,803000,"A","G",0.513531715407151,0.45054011875943,1.13981351277034,0.254364002869738
"SNP804",1,804000,"A","G",-0.225206456016037,0.239795895537541,-0.93915892726688,0.347649153239378
"SNP805",1,805000,"A","G",0.110742256655833,0.194057771336208,0.570666435532596,0.568225774982587
"SNP806",1,806000,"A","G",-0.277879428327783,0.237245770212987,-1.17127242385951,0.24148929212515
"SNP807",1,807000,"A","G",-0.32002007680031,0.235125229727054,-1.36106226104194,0.173494014594316
"SNP808",1,808000,"A","G",0.357293080426003,0.160002561732532,2.23304599974638,0.0255459110769513
"SNP809",1,809000,"A","G",-0.36347498726678,0.160274842800277,-2.26782307763494,0.0233399922375292
"SNP810",1,810000,"A","G",0.353396648877801,0.15956352294632,2.21477090974414,0.0267757928891999
"SNP811",1,811000,"A","G",-0.173728011576692,0.307199203418554,-0.565522337439107,0.57171853528391
"SNP812",1,812000,"A","G",-0.029048873661237,0.216203724258816,-0.134358803303789,0.893118856396196
"SNP813",1,813000,"A","G",0.904423457096463,0.652863418754615,1.38531801769766,0.16595524673358
"SNP814",1,814000,"A","G",-0.215688503430712,0.160033864940461,-1.3477678834474,0.177733050687428
"SNP815",1,815000,"A","G",-0.375656161267686,0.235998466354427,-1.59177373934082,0.111435552737672
"SNP816",1,816000,"A","G",0.816074100796451,0.422239551536404,1.93272775567092,0.0532697441222922
"SNP817",1,817000,"A","G",0.816074100796451,0.422239551536404,1.93272775567092,0.0532697441222922
"SNP818",1,818000,"A","G",0.374623367651668,0.450779418560417,0.831056947648682,0.405941459275828
"SNP819",1,819000,"A","G",-0.134466941711724,0.304729024123103,-0.441267260638104,0.659019524845815
"SNP820",1,820000,"A","G",-0.967947328926186,0.551082206357031,-1.75644816283376,0.0790119152133604
"SNP821",1,821000,"A","G",-0.967947328926186,0.551082206357031,-1.75644816283376,0.0790119152133604
"SNP822",1,822000,"A","G",0.38625552913627,0.165405369512423,2.33520550315182,0.0195326877964014
"SNP823",1,823000,"A","G",1.25828216259705,0.247487008123952,5.08423521757895,3.69110286773551e-07
"SNP824",1,824000,"A","G",1.24285555224802,0.247065328715008,5.03047335177356,4.89270390056489e-07
"SNP825",1,825000,"A","G",-1.48830359606894,0.726177731421701,-2.04950321618257,0.040412933673545
"SNP826",1,826000,"A","G",0.104866410245472,0.307253787353788,0.341302254232991,0.732876051056494
"SNP827",1,827000,"A","G",-0.351781304211894,0.223902092948717,-1.57113897230281,0.116150371831744
"SNP828",1,828000,"A","G",-0.182776629717162,0.184162492293357,-0.992474783768738,0.320965974311637
"SNP829",1,829000,"A","G",-0.255965668604007,0.183893376590223,-1.39192434958865,0.163945307466754
"SNP830",1,830000,"A","G",-0.186567486940791,0.181298067296945,-1.02906495211124,0.303449154169412
"SNP831",1,831000,"A","G",-0.208131072900034,0.181203319912429,-1.14860518560376,0.250718817826953
"SNP832",1,832000,"A","G",0.177540199292946,0.166133982331775,1.06865673597345,0.28522437308284
"SNP833",1,833000,"A","G",0.236805982080115,0.266882635549518,0.887303820244901,0.374915349360662
"SNP834",1,834000,"A","G",0.201330065438993,0.271815524540703,0.740686411415196,0.458883600388494
"SNP835",1,835000,"A","G",-0.420979885874874,0.205616143864013,-2.04740677440821,0.0406181617835466
"SNP836",1,836000,"A","G",1.03262287809495,0.26293836345849,3.92724311702795,8.59251153107813e-05
"SNP837",1,837000,"A","G",1.10868925729286,0.353755569470556,3.13405456471587,0.00172408792989681
"SNP838",1,838000,"A","G",-0.39580405308002,0.211004529305992,-1.87580832687263,0.0606816041804205
"SNP839",1,839000,"A","G",0.201267279097995,0.383866402641975,0.524315953969311,0.600058802201488
"SNP840",1,840000,"A","G",1.24174854534973,0.358936496787212,3.45952154897717,0.000541135975903603
"SNP841",1,841000,"A","G",0.487942483897457,0.220389848899468,2.21399708894957,0.0268289791874607
"SNP842",1,842000,"A","G",1.27125084153893,0.361279259884231,3.51874846606554,0.000433587588859077
"SNP843",1,843000,"A","G",1.07371611352796,0.636432918987188,1.68708450096619,0.0915871048348574
"SNP844",1,844000,"A","G",-0.643656073310773,0.229694999244454,-2.80222066404571,0.00507521464075608
"SNP845",1,845000,"A","G",-0.510643074223013,0.179175710499623,-2.84995702151318,0.00437251370823392
"SNP846",1,846000,"A","G",-0.0512062412930215,0.425131855409745,-0.120447904906276,0.904128344965579
"SNP847",1,847000,"A","G",-0.131817466209906,0.389663298598198,-0.338285557516232,0.73514800628083
"SNP848",1,848000,"A","G",-0.269203553485927,0.284183933411324,-0.947286323524437,0.343492897975565
"SNP849",1,849000,"A","G",0.170231751969111,0.161850435618243,1.05178432988984,0.29289851005896
"SNP850",1,850000,"A","G",-0.39225289346396,0.22323388225844,-1.75713869908801,0.0788941708826294
"SNP851",1,851000,"A","G",-0.146671355751637,0.188240967763146,-0.779168092336766,0.435880703238779
"SNP852",1,852000,"A","G",-0.45648111559475,0.223919612309404,-2.03859372069652,0.0414905924543991
"SNP853",1,853000,"A","G",-0.449977101767384,0.223594518223836,-2.01246929192119,0.0441704905751953
"SNP854",1,854000,"A","G",-0.50415388015384,0.202434203150979,-2.49045799724779,0.0127578574544611
"SNP855",1,855000,"A","G",0.101022359541492,0.164405651064128,0.614470116371411,0.538904714581965
"SNP856",1,856000,"A","G",-0.426467507646951,0.22577578881573,-1.88889831759161,0.0589054549615114
"SNP857",1,857000,"A","G",1.21062812673648,0.669360720544254,1.80863335654372,0.0705079827453755
"SNP858",1,858000,"A","G",0.362672419713021,0.216263144730787,1.6769959586248,0.0935432721271474
"SNP859",1,859000,"A","G",-0.449977101767384,0.223594518223836,-2.01246929192119,0.0441704905751953
"SNP860",1,860000,"A","G",1.24508887145823,0.669231321767277,1.86047608795454,0.0628181984800377
"SNP861",1,861000,"A","G",-1.05016134686965,0.374210677154656,-2.80633720783878,0.00501082243973053
"SNP862",1,862000,"A","G",-0.449977101767384,0.223594518223836,-2.01246929192119,0.0441704905751953
"SNP863",1,863000,"A","G",-0.276187573139684,0.383638514342067,-0.719916178419524,0.471576606274228
"SNP864",1,864000,"A","G",0.591084143200731,0.189439987199234,3.12016566269658,0.00180749355535997
"SNP865",1,865000,"A","G",-0.431527236026194,0.364878611563797,-1.1826597184657,0.236944034595967
"SNP866",1,866000,"A","G",-0.431527236026194,0.364878611563797,-1.1826597184657,0.236944034595967
"SNP867",1,867000,"A","G",-0.449977101767384,0.223594518223836,-2.01246929192119,0.0441704905751953
"SNP868",1,868000,"A","G",0.181146225213814,0.164641644025745,1.10024548336926,0.271225178160754
"SNP869",1,869000,"A","G",-0.449977101767384,0.223594518223836,-2.01246929192119,0.0441704905751953
"SNP870",1,870000,"A","G",-0.434368800624074,0.223371238885911,-1.94460487747007,0.0518225518304987
"SNP871",1,871000,"A","G",0.0687628032286906,0.753799755725232,0.0912215780204569,0.927316529653347
"SNP872",1,872000,"A","G",-0.449977101767384,0.223594518223836,-2.01246929192119,0.0441704905751953
"SNP873",1,873000,"A","G",-0.334797681878929,0.37572978254719,-0.891059738754885,0.372897122627598
"SNP874",1,874000,"A","G",1.13539926627796,0.484865976649061,2.34167650641272,0.0191973461956757
"SNP875",1,875000,"A","G",-0.428394446313225,0.229791388531623,-1.86427545893118,0.0622830313071145
"SNP876",1,876000,"A","G",-0.428432897380672,0.229860995056071,-1.86387819854414,0.062338810973672
"SNP877",1,877000,"A","G",0.00726439546156468,0.817713504540389,0.00888379049780738,0.992911853955311
"SNP878",1,878000,"A","G",1.60807550230965,0.812311783217989,1.97962843274196,0.047745295676198
"SNP879",1,879000,"A","G",1.61658862431902,0.812251448654904,1.99025637565326,0.046562700924657
"SNP880",1,880000,"A","G",-0.437625377171345,0.364904558298528,-1.19928723064436,0.230416278577467
"SNP881",1,881000,"A","G",0.181712772412525,0.164646762553104,1.10365226497494,0.269744009924362
"SNP882",1,882000,"A","G",0.312566640995652,0.525491425574308,0.594808260960773,0.55197164495198
"SNP883",1,883000,"A","G",0.385000863660438,0.596469287600108,0.645466366272582,0.518625007473226
"SNP884",1,884000,"A","G",1.15108690158617,0.254682814002231,4.51968817014912,6.19307818357439e-06
"SNP885",1,885000,"A","G",-0.046742523561208,0.817741723434078,-0.0571604972838054,0.954417345285161
"SNP886",1,886000,"A","G",1.18954653867831,0.892786315991688,1.33239781722795,0.182729499005861
"SNP887",1,887000,"A","G",-1.13224436604207,0.621362613851634,-1.82219583348222,0.0684252765635271
"SNP888",1,888000,"A","G",0.397349263654719,0.277380500019233,1.43250611930964,0.151999028094217
"SNP889",1,889000,"A","G",-0.00207124375187204,0.386699047859951,-0.00535621632205873,0.99572637812668
"SNP890",1,890000,"A","G",-0.0731952846708605,0.637947740092035,-0.114735549749421,0.908654735361579
"SNP891",1,891000,"A","G",-0.0206218781011568,0.338147852641351,-0.0609847968575716,0.951371316867836
"SNP892",1,892000,"A","G",-0.00589249826445216,0.336299215397254,-0.0175215938505584,0.98602050608831
"SNP893",1,893000,"A","G",0.316170138235699,0.289286985154274,1.09292900981041,0.274424970014449
"SNP894",1,894000,"A","G",-0.0237006219120702,0.239501963609954,-0.09895794403869,0.921171661938923
"SNP895",1,895000,"A","G",-1.14169741336028,0.621311905431152,-1.83755920879708,0.066127384237671
"SNP896",1,896000,"A","G",-0.0206218781011568,0.338147852641351,-0.0609847968575716,0.951371316867836
"SNP897",1,897000,"A","G",0.467700081533147,0.817479693504979,0.572124402904571,0.567237697855207
"SNP898",1,898000,"A","G",-0.0731952846708605,0.637947740092035,-0.114735549749421,0.908654735361579
"SNP899",1,899000,"A","G",0.000951271578634521,0.340106911875224,0.00279697808371362,0.99776833727985
"SNP900",1,9e+05,"A","G",-0.403770904228919,0.240899633259708,-1.67609596895327,0.0937193962185356
"SNP901",1,901000,"A","G",-0.0206218781011568,0.338147852641351,-0.0609847968575716,0.951371316867836
"SNP902",1,902000,"A","G",-0.00573209445058252,0.170441175429643,-0.0336309253684341,0.973171461332875
"SNP903",1,903000,"A","G",-0.0206218781011568,0.338147852641351,-0.0609847968575716,0.951371316867836
"SNP904",1,904000,"A","G",-0.0206218781011568,0.338147852641351,-0.0609847968575716,0.951371316867836
"SNP905",1,905000,"A","G",-0.0206218781011568,0.338147852641351,-0.0609847968575716,0.951371316867836
"SNP906",1,906000,"A","G",0.188688552737825,0.297174156647732,0.63494267087799,0.525465805738232
"SNP907",1,907000,"A","G",-0.00215697400982854,0.349239609779029,-0.00617620095038277,0.995072135946566
"SNP908",1,908000,"A","G",-0.260963715410431,0.25718700812721,-1.0146846736572,0.310256162224876
"SNP909",1,909000,"A","G",0.124235130243163,0.302990726780007,0.410029480319266,0.681784321994323
"SNP910",1,910000,"A","G",0.205926283509789,0.297016517467001,0.693315931605277,0.488111307145448
"SNP911",1,911000,"A","G",-0.375373176531784,0.241370492579004,-1.55517425730454,0.119904573468568
"SNP912",1,912000,"A","G",-0.0166131366013354,0.338359731419015,-0.0490990359037794,0.960840371719845
"SNP913",1,913000,"A","G",-0.0207182711595206,0.338182662234444,-0.0612635521366785,0.951149317435934
"SNP914",1,914000,"A","G",-0.00573209445058252,0.170441175429643,-0.0336309253684341,0.973171461332875
"SNP915",1,915000,"A","G",-0.0206218781011568,0.338147852641351,-0.0609847968575716,0.951371316867836
"SNP916",1,916000,"A","G",-1.13155732834067,0.852075585113346,-1.32800111646216,0.18417773808467
"SNP917",1,917000,"A","G",0.0738188533661638,0.183455360973181,0.402380464515044,0.687404044904787
"SNP918",1,918000,"A","G",-0.0206218781011568,0.338147852641351,-0.0609847968575716,0.951371316867836
"SNP919",1,919000,"A","G",-0.0206218781011568,0.338147852641351,-0.0609847968575716,0.951371316867836
"SNP920",1,920000,"A","G",-0.0206218781011568,0.338147852641351,-0.0609847968575716,0.951371316867836
"SNP921",1,921000,"A","G",-0.00200409387567291,0.170339848427103,-0.0117652674590148,0.990612891304208
"SNP922",1,922000,"A","G",0.0695112220267146,0.183471318863784,0.378866966549265,0.704786655579248
"SNP923",1,923000,"A","G",0.311065615721265,0.287396324783858,1.08235766743089,0.279093630861842
"SNP924",1,924000,"A","G",-0.0206218781011568,0.338147852641351,-0.0609847968575716,0.951371316867836
"SNP925",1,925000,"A","G",-0.0206218781011568,0.338147852641351,-0.0609847968575716,0.951371316867836
"SNP926",1,926000,"A","G",0.0305998687925922,0.347243719454996,0.0881221663004275,0.929779578752738
"SNP927",1,927000,"A","G",0.0429018582469166,0.347205945685999,0.123563143949486,0.90166117565904
"SNP928",1,928000,"A","G",-0.0206218781011568,0.338147852641351,-0.0609847968575716,0.951371316867836
"SNP929",1,929000,"A","G",0.831433124686232,0.707464663618516,1.17522919156647,0.239903034383643
"SNP930",1,930000,"A","G",-0.0985947344550925,0.444385424673745,-0.221867615319467,0.824416941468784
"SNP931",1,931000,"A","G",-0.0206218781011568,0.338147852641351,-0.0609847968575716,0.951371316867836
"SNP932",1,932000,"A","G",0.209307646392955,0.295801319791884,0.70759537699229,0.479196564567506
"SNP933",1,933000,"A","G",-0.0206218781011568,0.338147852641351,-0.0609847968575716,0.951371316867836
"SNP934",1,934000,"A","G",-0.0206218781011568,0.338147852641351,-0.0609847968575716,0.951371316867836
"SNP935",1,935000,"A","G",-0.0905272435792115,0.336420105410091,-0.269089873415443,0.787860522972055
"SNP936",1,936000,"A","G",-0.0760392446728732,0.336284276536013,-0.226115967883292,0.821111225613684
"SNP937",1,937000,"A","G",-0.0760392446728732,0.336284276536013,-0.226115967883292,0.821111225613684
"SNP938",1,938000,"A","G",0.289328107367589,0.169583239632974,1.70611263232013,0.0879871110507822
"SNP939",1,939000,"A","G",0.221561823929488,0.170856915844268,1.29676825099334,0.194710937803748
"SNP940",1,940000,"A","G",0.245745392709239,0.170812654490508,1.43868376404686,0.150240141478018
"SNP941",1,941000,"A","G",0.329627905950047,0.169843539656129,1.94077388293616,0.0522857102006017
"SNP942",1,942000,"A","G",0.0138517008146834,0.304604695187331,0.0454743509654853,0.963729218707815
"SNP943",1,943000,"A","G",-0.265001253405638,0.730824540056595,-0.362605849805093,0.716899339773965
"SNP944",1,944000,"A","G",-0.106355711511426,0.338119710007796,-0.314550463529539,0.753102995522222
"SNP945",1,945000,"A","G",-0.306881359107286,0.169335083995087,-1.81227275451193,0.0699440622223937
"SNP946",1,946000,"A","G",-2.04847702203026,0.753554276081893,-2.71842000908192,0.00655945140799327
"SNP947",1,947000,"A","G",-0.324275331604629,0.24292524074215,-1.33487706182342,0.181916586381334
"SNP948",1,948000,"A","G",-0.070767990418459,0.334474893795516,-0.211579379293334,0.832435198064466
"SNP949",1,949000,"A","G",-0.196984651091729,0.209043700597415,-0.94231326047509,0.34603228105961
"SNP950",1,950000,"A","G",-0.0633380612609194,0.336324199258611,-0.188324424470618,0.850622339936286
"SNP951",1,951000,"A","G",0.154754436841077,0.297036803201035,0.520994150130074,0.602370846525515
"SNP952",1,952000,"A","G",0.431178279047151,0.671010996274224,0.642580049270817,0.520496632016927
"SNP953",1,953000,"A","G",0.631037141037928,0.65119507731881,0.969044704140149,0.332522885031326
"SNP954",1,954000,"A","G",0.167412661816122,0.304270136414885,0.55021062463997,0.582174917093112
"SNP955",1,955000,"A","G",0.0680296593810211,0.312052736091004,0.218006931242486,0.827423710961164
"SNP956",1,956000,"A","G",-0.710353112491883,0.414704281733226,-1.71291482577179,0.0867282103438746
"SNP957",1,957000,"A","G",0.256788666230829,0.383626531291029,0.669371498802888,0.503258527878989
"SNP958",1,958000,"A","G",-0.270936886646129,0.201850506626496,-1.34226508109524,0.179510061227284
"SNP959",1,959000,"A","G",-0.170552988947048,0.342134534623731,-0.498496853393118,0.618133886492445
"SNP960",1,960000,"A","G",0.15091041505654,0.297074288299447,0.507988812900644,0.611461188718058
"SNP961",1,961000,"A","G",0.154754436841077,0.297036803201035,0.520994150130074,0.602370846525515
"SNP962",1,962000,"A","G",-0.0760392446728732,0.336284276536013,-0.226115967883292,0.821111225613684
"SNP963",1,963000,"A","G",-0.0979929934412632,0.240793084282712,-0.406959334954201,0.684037855407504
"SNP964",1,964000,"A","G",-0.175961789955966,0.161205307585453,-1.09153843996539,0.275036027054817
"SNP965",1,965000,"A","G",-1.77151979250724,0.891097475730661,-1.98802021187937,0.0468094546468923
"SNP966",1,966000,"A","G",-0.286759893604464,0.201732689073975,-1.42148451458608,0.155175952267574
"SNP967",1,967000,"A","G",0.0775254742096948,0.303017914212377,0.255844524609061,0.798070892078912
"SNP968",1,968000,"A","G",0.154754436841077,0.297036803201035,0.520994150130074,0.602370846525515
"SNP969",1,969000,"A","G",-0.00412654938662222,0.340497417330535,-0.0121191796959106,0.990330530331397
"SNP970",1,970000,"A","G",0.154754436841077,0.297036803201035,0.520994150130074,0.602370846525515
"SNP971",1,971000,"A","G",-0.234950422680152,0.172249724877779,-1.36401043802458,0.172564280530875
"SNP972",1,972000,"A","G",-0.0760392446728732,0.336284276536013,-0.226115967883292,0.821111225613684
"SNP973",1,973000,"A","G",-0.0760392446728732,0.336284276536013,-0.226115967883292,0.821111225613684
"SNP974",1,974000,"A","G",0.039544834926847,0.321640531755238,0.122947299928418,0.902148829799414
"SNP975",1,975000,"A","G",0.154754436841077,0.297036803201035,0.520994150130074,0.602370846525515
"SNP976",1,976000,"A","G",0.154754436841077,0.297036803201035,0.520994150130074,0.602370846525515
"SNP977",1,977000,"A","G",-0.286759893604464,0.201732689073975,-1.42148451458608,0.155175952267574
"SNP978",1,978000,"A","G",0.309942389523369,0.287398446345161,1.07844142327455,0.280836809476258
"SNP979",1,979000,"A","G",-0.0140129462913335,0.341967788294315,-0.0409773866750082,0.967313923536131
"SNP980",1,980000,"A","G",-0.174186284151766,0.161376387575217,-1.07937900190372,0.280418807711095
"SNP981",1,981000,"A","G",-0.263344217794455,0.215146743268613,-1.22402139950437,0.220944154933464
"SNP982",1,982000,"A","G",-0.337670530158731,0.166522184620303,-2.02778104868534,0.0425825993844795
"SNP983",1,983000,"A","G",-0.0264853274647033,0.235922737090557,-0.112262716986609,0.910615102419655
"SNP984",1,984000,"A","G",-0.284403269964423,0.201507906138721,-1.41137524285839,0.15813399889457
"SNP985",1,985000,"A","G",-0.0264853274647033,0.235922737090557,-0.112262716986609,0.910615102419655
"SNP986",1,986000,"A","G",-0.670705444477123,0.310168937017411,-2.16238753927661,0.0305883172334621
"SNP987",1,987000,"A","G",-0.0880756077169402,0.239868199577311,-0.367183344320526,0.713482262264136
"SNP988",1,988000,"A","G",-0.0264853274647033,0.235922737090557,-0.112262716986609,0.910615102419655
"SNP989",1,989000,"A","G",-0.204470038796531,0.210518361725313,-0.971269380593633,0.331414152185727
"SNP990",1,990000,"A","G",-0.213592012894862,0.237017917310888,-0.901163993499702,0.367501132179951
"SNP991",1,991000,"A","G",-0.284403269964423,0.201507906138721,-1.41137524285839,0.15813399889457
"SNP992",1,992000,"A","G",-0.277796992112777,0.214758382327313,-1.29353270918845,0.195826878759942
"SNP993",1,993000,"A","G",-0.307141717655375,0.166981406470184,-1.8393767554606,0.0658597905878309
"SNP994",1,994000,"A","G",-0.201884836758638,0.210626711746456,-0.958495886322617,0.33781276483884
"SNP995",1,995000,"A","G",-0.0264853274647033,0.235922737090557,-0.112262716986609,0.910615102419655
"SNP996",1,996000,"A","G",-0.286759893604464,0.201732689073975,-1.42148451458608,0.155175952267574
"SNP997",1,997000,"A","G",-0.284403269964423,0.201507906138721,-1.41137524285839,0.15813399889457
"SNP998",1,998000,"A","G",-0.251344434006227,0.216692388411901,-1.15991353387299,0.246084011927228
"SNP999",1,999000,"A","G",-0.296914244478042,0.817619315615757,-0.363144850919322,0.71649668199599
"SNP1000",1,1e+06,"A","G",0.0049404302660883,0.236353520279723,0.0209027149679908,0.983323260866872
"SNP1001",1,1001000,"A","G",-0.297537330384361,0.204498909735034,-1.45495802774633,0.145680881587888
